2026-03-23 16:31:44,804  INFO      
[1/11] 2025-01-06
2026-03-23 16:31:46,422  INFO        [AAPL] Fetching 2025-01-06 × 2025-01-10 ...
2026-03-23 16:31:47,780  INFO        [AAPL] Fetching 2025-01-06 × 2025-02-07 ...
2026-03-23 16:31:49,685  INFO        [AAPL] Fetching 2025-01-06 × 2025-04-17 ...
2026-03-23 16:31:51,780  INFO        [AAPL] Fetching 2025-01-06 × 2025-07-18 ...
2026-03-23 16:31:54,694  ERROR     HTTP 402: https://api.marketdata.app/v1/options/expirations/NVDA/ — {"s":"error","errmsg":"Free/Trial users can only access up to 1 year of data."}
2026-03-23 16:31:54,696  WARNING     [NVDA] No expirations on 2025-01-06
2026-03-23 16:31:56,226  ERROR     HTTP 402: https://api.marketdata.app/v1/options/expirations/AMZN/ — {"s":"error","errmsg":"Free/Trial users can only access up to 1 year of data."}
2026-03-23 16:31:56,229  WARNING     [AMZN] No expirations on 2025-01-06
2026-03-23 16:31:58,049  ERROR     HTTP 402: https://api.marketdata.app/v1/options/expirations/PG/ — {"s":"error","errmsg":"Free/Trial users can only access up to 1 year of data."}
2026-03-23 16:31:58,050  WARNING     [PG] No expirations on 2025-01-06
2026-03-23 16:31:59,384  ERROR     HTTP 402: https://api.marketdata.app/v1/options/expirations/CAT/ — {"s":"error","errmsg":"Free/Trial users can only access up to 1 year of data."}
2026-03-23 16:31:59,386  WARNING     [CAT] No expirations on 2025-01-06
2026-03-23 16:31:59,386  INFO      
[2/11] 2025-01-13
2026-03-23 16:32:01,597  INFO        [AAPL] Fetching 2025-01-13 × 2025-01-17 ...
2026-03-23 16:32:02,873  INFO        [AAPL] Fetching 2025-01-13 × 2025-02-14 ...
2026-03-23 16:32:04,426  INFO        [AAPL] Fetching 2025-01-13 × 2025-04-17 ...
2026-03-23 16:32:05,697  INFO        [AAPL] Fetching 2025-01-13 × 2025-07-18 ...
2026-03-23 16:32:08,666  ERROR     HTTP 402: https://api.marketdata.app/v1/options/expirations/NVDA/ — {"s":"error","errmsg":"Free/Trial users can only access up to 1 year of data."}
2026-03-23 16:32:08,668  WARNING     [NVDA] No expirations on 2025-01-13
2026-03-23 16:32:09,517  ERROR     HTTP 402: https://api.marketdata.app/v1/options/expirations/AMZN/ — {"s":"error","errmsg":"Free/Trial users can only access up to 1 year of data."}
2026-03-23 16:32:09,519  WARNING     [AMZN] No expirations on 2025-01-13
2026-03-23 16:32:10,994  ERROR     HTTP 402: https://api.marketdata.app/v1/options/expirations/PG/ — {"s":"error","errmsg":"Free/Trial users can only access up to 1 year of data."}
2026-03-23 16:32:10,996  WARNING     [PG] No expirations on 2025-01-13
2026-03-23 16:32:11,828  ERROR     HTTP 402: https://api.marketdata.app/v1/options/expirations/CAT/ — {"s":"error","errmsg":"Free/Trial users can only access up to 1 year of data."}
2026-03-23 16:32:11,831  WARNING     [CAT] No expirations on 2025-01-13
2026-03-23 16:32:11,831  INFO      
[3/11] 2025-01-21
2026-03-23 16:32:13,709  INFO        [AAPL] Fetching 2025-01-21 × 2025-01-31 ...
2026-03-23 16:32:15,793  INFO        [AAPL] Fetching 2025-01-21 × 2025-02-21 ...
2026-03-23 16:32:17,090  INFO        [AAPL] Fetching 2025-01-21 × 2025-04-17 ...
2026-03-23 16:32:18,388  INFO        [AAPL] Fetching 2025-01-21 × 2025-07-18 ...
2026-03-23 16:32:21,189  ERROR     HTTP 402: https://api.marketdata.app/v1/options/expirations/NVDA/ — {"s":"error","errmsg":"Free/Trial users can only access up to 1 year of data."}
2026-03-23 16:32:21,191  WARNING     [NVDA] No expirations on 2025-01-21
2026-03-23 16:32:21,967  ERROR     HTTP 402: https://api.marketdata.app/v1/options/expirations/AMZN/ — {"s":"error","errmsg":"Free/Trial users can only access up to 1 year of data."}
2026-03-23 16:32:21,969  WARNING     [AMZN] No expirations on 2025-01-21
2026-03-23 16:32:23,274  ERROR     HTTP 402: https://api.marketdata.app/v1/options/expirations/PG/ — {"s":"error","errmsg":"Free/Trial users can only access up to 1 year of data."}
2026-03-23 16:32:23,275  WARNING     [PG] No expirations on 2025-01-21
2026-03-23 16:32:24,099  ERROR     HTTP 402: https://api.marketdata.app/v1/options/expirations/CAT/ — {"s":"error","errmsg":"Free/Trial users can only access up to 1 year of data."}
2026-03-23 16:32:24,101  WARNING     [CAT] No expirations on 2025-01-21
2026-03-23 16:32:24,101  INFO      
[4/11] 2025-01-27
2026-03-23 16:32:25,870  INFO        [AAPL] Fetching 2025-01-27 × 2025-01-31 ...
2026-03-23 16:32:27,299  INFO        [AAPL] Fetching 2025-01-27 × 2025-02-28 ...
2026-03-23 16:32:28,750  INFO        [AAPL] Fetching 2025-01-27 × 2025-04-17 ...
2026-03-23 16:32:30,163  INFO        [AAPL] Fetching 2025-01-27 × 2025-07-18 ...
2026-03-23 16:32:33,812  ERROR     HTTP 402: https://api.marketdata.app/v1/options/expirations/NVDA/ — {"s":"error","errmsg":"Free/Trial users can only access up to 1 year of data."}
2026-03-23 16:32:33,816  WARNING     [NVDA] No expirations on 2025-01-27
2026-03-23 16:32:34,936  ERROR     HTTP 402: https://api.marketdata.app/v1/options/expirations/AMZN/ — {"s":"error","errmsg":"Free/Trial users can only access up to 1 year of data."}
2026-03-23 16:32:34,938  WARNING     [AMZN] No expirations on 2025-01-27
2026-03-23 16:32:36,335  ERROR     HTTP 402: https://api.marketdata.app/v1/options/expirations/PG/ — {"s":"error","errmsg":"Free/Trial users can only access up to 1 year of data."}
2026-03-23 16:32:36,337  WARNING     [PG] No expirations on 2025-01-27
2026-03-23 16:32:37,173  ERROR     HTTP 402: https://api.marketdata.app/v1/options/expirations/CAT/ — {"s":"error","errmsg":"Free/Trial users can only access up to 1 year of data."}
2026-03-23 16:32:37,175  WARNING     [CAT] No expirations on 2025-01-27
2026-03-23 16:32:37,175  INFO      
[5/11] 2025-02-03
2026-03-23 16:32:38,823  INFO        [AAPL] Fetching 2025-02-03 × 2025-02-07 ...
2026-03-23 16:32:40,368  INFO        [AAPL] Fetching 2025-02-03 × 2025-03-07 ...
2026-03-23 16:32:41,676  INFO        [AAPL] Fetching 2025-02-03 × 2025-05-16 ...
2026-03-23 16:32:43,040  INFO        [AAPL] Fetching 2025-02-03 × 2025-08-15 ...
2026-03-23 16:32:45,277  ERROR     HTTP 402: https://api.marketdata.app/v1/options/expirations/NVDA/ — {"s":"error","errmsg":"Free/Trial users can only access up to 1 year of data."}
2026-03-23 16:32:45,278  WARNING     [NVDA] No expirations on 2025-02-03
2026-03-23 16:32:46,624  ERROR     HTTP 402: https://api.marketdata.app/v1/options/expirations/AMZN/ — {"s":"error","errmsg":"Free/Trial users can only access up to 1 year of data."}
2026-03-23 16:32:46,626  WARNING     [AMZN] No expirations on 2025-02-03
2026-03-23 16:32:48,017  ERROR     HTTP 402: https://api.marketdata.app/v1/options/expirations/PG/ — {"s":"error","errmsg":"Free/Trial users can only access up to 1 year of data."}
2026-03-23 16:32:48,019  WARNING     [PG] No expirations on 2025-02-03
2026-03-23 16:32:49,294  ERROR     HTTP 402: https://api.marketdata.app/v1/options/expirations/CAT/ — {"s":"error","errmsg":"Free/Trial users can only access up to 1 year of data."}
2026-03-23 16:32:49,296  WARNING     [CAT] No expirations on 2025-02-03
2026-03-23 16:32:49,296  INFO      
[6/11] 2025-02-10
2026-03-23 16:32:51,367  INFO        [AAPL] Fetching 2025-02-10 × 2025-02-14 ...
2026-03-23 16:32:52,641  INFO        [AAPL] Fetching 2025-02-10 × 2025-03-14 ...
2026-03-23 16:32:53,912  INFO        [AAPL] Fetching 2025-02-10 × 2025-05-16 ...
2026-03-23 16:32:55,233  INFO        [AAPL] Fetching 2025-02-10 × 2025-08-15 ...
2026-03-23 16:32:57,794  ERROR     HTTP 402: https://api.marketdata.app/v1/options/expirations/NVDA/ — {"s":"error","errmsg":"Free/Trial users can only access up to 1 year of data."}
2026-03-23 16:32:57,795  WARNING     [NVDA] No expirations on 2025-02-10
2026-03-23 16:32:59,012  ERROR     HTTP 402: https://api.marketdata.app/v1/options/expirations/AMZN/ — {"s":"error","errmsg":"Free/Trial users can only access up to 1 year of data."}
2026-03-23 16:32:59,014  WARNING     [AMZN] No expirations on 2025-02-10
2026-03-23 16:33:00,416  ERROR     HTTP 402: https://api.marketdata.app/v1/options/expirations/PG/ — {"s":"error","errmsg":"Free/Trial users can only access up to 1 year of data."}
2026-03-23 16:33:00,417  WARNING     [PG] No expirations on 2025-02-10
2026-03-23 16:33:01,367  ERROR     HTTP 402: https://api.marketdata.app/v1/options/expirations/CAT/ — {"s":"error","errmsg":"Free/Trial users can only access up to 1 year of data."}
2026-03-23 16:33:01,369  WARNING     [CAT] No expirations on 2025-02-10
2026-03-23 16:33:01,369  INFO      
[7/11] 2025-02-18
2026-03-23 16:33:03,488  INFO        [AAPL] Fetching 2025-02-18 × 2025-02-28 ...
2026-03-23 16:33:04,743  INFO        [AAPL] Fetching 2025-02-18 × 2025-03-21 ...
2026-03-23 16:33:05,939  INFO        [AAPL] Fetching 2025-02-18 × 2025-05-16 ...
2026-03-23 16:33:07,191  INFO        [AAPL] Fetching 2025-02-18 × 2025-08-15 ...
2026-03-23 16:33:09,169  ERROR     HTTP 402: https://api.marketdata.app/v1/options/expirations/NVDA/ — {"s":"error","errmsg":"Free/Trial users can only access up to 1 year of data."}
2026-03-23 16:33:09,170  WARNING     [NVDA] No expirations on 2025-02-18
2026-03-23 16:33:10,033  ERROR     HTTP 402: https://api.marketdata.app/v1/options/expirations/AMZN/ — {"s":"error","errmsg":"Free/Trial users can only access up to 1 year of data."}
2026-03-23 16:33:10,034  WARNING     [AMZN] No expirations on 2025-02-18
2026-03-23 16:33:10,858  ERROR     HTTP 402: https://api.marketdata.app/v1/options/expirations/PG/ — {"s":"error","errmsg":"Free/Trial users can only access up to 1 year of data."}
2026-03-23 16:33:10,859  WARNING     [PG] No expirations on 2025-02-18
2026-03-23 16:33:11,875  ERROR     HTTP 402: https://api.marketdata.app/v1/options/expirations/CAT/ — {"s":"error","errmsg":"Free/Trial users can only access up to 1 year of data."}
2026-03-23 16:33:11,877  WARNING     [CAT] No expirations on 2025-02-18
2026-03-23 16:33:11,877  INFO      
[8/11] 2025-02-24
2026-03-23 16:33:13,611  INFO        [AAPL] Fetching 2025-02-24 × 2025-02-28 ...
2026-03-23 16:33:14,904  INFO        [AAPL] Fetching 2025-02-24 × 2025-03-28 ...
2026-03-23 16:33:16,351  INFO        [AAPL] Fetching 2025-02-24 × 2025-05-16 ...
2026-03-23 16:33:18,085  INFO        [AAPL] Fetching 2025-02-24 × 2025-08-15 ...
2026-03-23 16:33:20,934  ERROR     HTTP 402: https://api.marketdata.app/v1/options/expirations/NVDA/ — {"s":"error","errmsg":"Free/Trial users can only access up to 1 year of data."}
2026-03-23 16:33:20,937  WARNING     [NVDA] No expirations on 2025-02-24
2026-03-23 16:33:21,901  ERROR     HTTP 402: https://api.marketdata.app/v1/options/expirations/AMZN/ — {"s":"error","errmsg":"Free/Trial users can only access up to 1 year of data."}
2026-03-23 16:33:21,903  WARNING     [AMZN] No expirations on 2025-02-24
2026-03-23 16:33:22,724  ERROR     HTTP 402: https://api.marketdata.app/v1/options/expirations/PG/ — {"s":"error","errmsg":"Free/Trial users can only access up to 1 year of data."}
2026-03-23 16:33:22,725  WARNING     [PG] No expirations on 2025-02-24
2026-03-23 16:33:23,618  ERROR     HTTP 402: https://api.marketdata.app/v1/options/expirations/CAT/ — {"s":"error","errmsg":"Free/Trial users can only access up to 1 year of data."}
2026-03-23 16:33:23,620  WARNING     [CAT] No expirations on 2025-02-24
2026-03-23 16:33:23,620  INFO      
[9/11] 2025-03-03
2026-03-23 16:33:25,907  INFO        [AAPL] Fetching 2025-03-03 × 2025-03-07 ...
2026-03-23 16:33:27,681  INFO        [AAPL] Fetching 2025-03-03 × 2025-04-04 ...
2026-03-23 16:33:29,150  INFO        [AAPL] Fetching 2025-03-03 × 2025-05-16 ...
2026-03-23 16:33:31,124  INFO        [AAPL] Fetching 2025-03-03 × 2025-08-15 ...
2026-03-23 16:33:34,231  ERROR     HTTP 402: https://api.marketdata.app/v1/options/expirations/NVDA/ — {"s":"error","errmsg":"Free/Trial users can only access up to 1 year of data."}
2026-03-23 16:33:34,233  WARNING     [NVDA] No expirations on 2025-03-03
2026-03-23 16:33:35,120  ERROR     HTTP 402: https://api.marketdata.app/v1/options/expirations/AMZN/ — {"s":"error","errmsg":"Free/Trial users can only access up to 1 year of data."}
2026-03-23 16:33:35,121  WARNING     [AMZN] No expirations on 2025-03-03
2026-03-23 16:33:36,456  ERROR     HTTP 402: https://api.marketdata.app/v1/options/expirations/PG/ — {"s":"error","errmsg":"Free/Trial users can only access up to 1 year of data."}
2026-03-23 16:33:36,458  WARNING     [PG] No expirations on 2025-03-03
2026-03-23 16:33:37,889  ERROR     HTTP 402: https://api.marketdata.app/v1/options/expirations/CAT/ — {"s":"error","errmsg":"Free/Trial users can only access up to 1 year of data."}
2026-03-23 16:33:37,890  WARNING     [CAT] No expirations on 2025-03-03
2026-03-23 16:33:37,890  INFO      
[10/11] 2025-03-10
2026-03-23 16:33:39,599  INFO        [AAPL] Fetching 2025-03-10 × 2025-03-14 ...
2026-03-23 16:33:41,259  INFO        [AAPL] Fetching 2025-03-10 × 2025-04-11 ...
2026-03-23 16:33:42,732  INFO        [AAPL] Fetching 2025-03-10 × 2025-06-20 ...
2026-03-23 16:33:44,194  INFO        [AAPL] Fetching 2025-03-10 × 2025-09-19 ...
2026-03-23 16:33:47,029  ERROR     HTTP 402: https://api.marketdata.app/v1/options/expirations/NVDA/ — {"s":"error","errmsg":"Free/Trial users can only access up to 1 year of data."}
2026-03-23 16:33:47,031  WARNING     [NVDA] No expirations on 2025-03-10
2026-03-23 16:33:47,966  ERROR     HTTP 402: https://api.marketdata.app/v1/options/expirations/AMZN/ — {"s":"error","errmsg":"Free/Trial users can only access up to 1 year of data."}
2026-03-23 16:33:47,967  WARNING     [AMZN] No expirations on 2025-03-10
2026-03-23 16:33:48,819  ERROR     HTTP 402: https://api.marketdata.app/v1/options/expirations/PG/ — {"s":"error","errmsg":"Free/Trial users can only access up to 1 year of data."}
2026-03-23 16:33:48,820  WARNING     [PG] No expirations on 2025-03-10
2026-03-23 16:33:49,718  ERROR     HTTP 402: https://api.marketdata.app/v1/options/expirations/CAT/ — {"s":"error","errmsg":"Free/Trial users can only access up to 1 year of data."}
2026-03-23 16:33:49,720  WARNING     [CAT] No expirations on 2025-03-10
2026-03-23 16:33:49,721  INFO      
[11/11] 2025-03-17
2026-03-23 16:33:51,940  INFO        [AAPL] Fetching 2025-03-17 × 2025-03-21 ...
2026-03-23 16:33:53,596  INFO        [AAPL] Fetching 2025-03-17 × 2025-04-17 ...
2026-03-23 16:33:55,310  INFO        [AAPL] Fetching 2025-03-17 × 2025-06-20 ...
2026-03-23 16:33:58,020  INFO        [AAPL] Fetching 2025-03-17 × 2025-09-19 ...
2026-03-23 16:34:01,072  ERROR     HTTP 402: https://api.marketdata.app/v1/options/expirations/NVDA/ — {"s":"error","errmsg":"Free/Trial users can only access up to 1 year of data."}
2026-03-23 16:34:01,074  WARNING     [NVDA] No expirations on 2025-03-17
2026-03-23 16:34:02,112  ERROR     HTTP 402: https://api.marketdata.app/v1/options/expirations/AMZN/ — {"s":"error","errmsg":"Free/Trial users can only access up to 1 year of data."}
2026-03-23 16:34:02,114  WARNING     [AMZN] No expirations on 2025-03-17
2026-03-23 16:34:03,717  ERROR     HTTP 402: https://api.marketdata.app/v1/options/expirations/PG/ — {"s":"error","errmsg":"Free/Trial users can only access up to 1 year of data."}
2026-03-23 16:34:03,719  WARNING     [PG] No expirations on 2025-03-17
2026-03-23 16:34:04,985  ERROR     HTTP 402: https://api.marketdata.app/v1/options/expirations/CAT/ — {"s":"error","errmsg":"Free/Trial users can only access up to 1 year of data."}
2026-03-23 16:34:05,001  WARNING     [CAT] No expirations on 2025-03-17
2026-03-23 16:34:05,001  INFO      
Phase 1 complete. 44 files saved.
2026-03-23 16:37:49,828  INFO      
[1/7] 2025-03-24
2026-03-23 16:37:52,131  INFO        [AAPL] Fetching 2025-03-24 × 2025-03-28 ...
2026-03-23 16:37:54,012  INFO        [AAPL] Fetching 2025-03-24 × 2025-04-25 ...
2026-03-23 16:37:55,870  INFO        [AAPL] Fetching 2025-03-24 × 2025-06-20 ...
2026-03-23 16:37:57,582  INFO        [AAPL] Fetching 2025-03-24 × 2025-09-19 ...
2026-03-23 16:38:01,541  INFO        [NVDA] Fetching 2025-03-24 × 2025-03-28 ...
2026-03-23 16:38:03,361  INFO        [NVDA] Fetching 2025-03-24 × 2025-04-25 ...
2026-03-23 16:38:05,107  INFO        [NVDA] Fetching 2025-03-24 × 2025-06-20 ...
2026-03-23 16:38:07,323  INFO        [NVDA] Fetching 2025-03-24 × 2025-09-19 ...
2026-03-23 16:38:11,633  INFO        [AMZN] Fetching 2025-03-24 × 2025-03-28 ...
2026-03-23 16:38:13,496  INFO        [AMZN] Fetching 2025-03-24 × 2025-04-25 ...
2026-03-23 16:38:14,983  INFO        [AMZN] Fetching 2025-03-24 × 2025-06-20 ...
2026-03-23 16:38:16,756  INFO        [AMZN] Fetching 2025-03-24 × 2025-09-19 ...
2026-03-23 16:38:19,571  INFO        [PG] Fetching 2025-03-24 × 2025-03-28 ...
2026-03-23 16:38:21,688  INFO        [PG] Fetching 2025-03-24 × 2025-04-25 ...
2026-03-23 16:38:23,006  INFO        [PG] Fetching 2025-03-24 × 2025-06-20 ...
2026-03-23 16:38:24,198  INFO        [PG] Fetching 2025-03-24 × 2025-09-19 ...
2026-03-23 16:38:28,326  INFO        [CAT] Fetching 2025-03-24 × 2025-03-28 ...
2026-03-23 16:38:30,325  INFO        [CAT] Fetching 2025-03-24 × 2025-04-25 ...
2026-03-23 16:38:32,182  INFO        [CAT] Fetching 2025-03-24 × 2025-06-20 ...
2026-03-23 16:38:33,459  INFO        [CAT] Fetching 2025-03-24 × 2025-09-19 ...
2026-03-23 16:38:35,202  INFO      
[2/7] 2025-03-25
2026-03-23 16:38:36,898  INFO        [AAPL] Fetching 2025-03-25 × 2025-04-04 ...
2026-03-23 16:38:38,126  INFO        [AAPL] Fetching 2025-03-25 × 2025-04-25 ...
2026-03-23 16:38:39,869  INFO        [AAPL] Fetching 2025-03-25 × 2025-06-20 ...
2026-03-23 16:38:41,610  INFO        [AAPL] Fetching 2025-03-25 × 2025-09-19 ...
2026-03-23 16:38:45,130  INFO        [NVDA] Fetching 2025-03-25 × 2025-04-04 ...
2026-03-23 16:38:46,774  INFO        [NVDA] Fetching 2025-03-25 × 2025-04-25 ...
2026-03-23 16:38:48,720  INFO        [NVDA] Fetching 2025-03-25 × 2025-06-20 ...
2026-03-23 16:38:50,096  INFO        [NVDA] Fetching 2025-03-25 × 2025-09-19 ...
2026-03-23 16:38:53,610  INFO        [AMZN] Fetching 2025-03-25 × 2025-04-04 ...
2026-03-23 16:38:54,990  INFO        [AMZN] Fetching 2025-03-25 × 2025-04-25 ...
2026-03-23 16:38:56,242  INFO        [AMZN] Fetching 2025-03-25 × 2025-06-20 ...
2026-03-23 16:38:58,179  INFO        [AMZN] Fetching 2025-03-25 × 2025-09-19 ...
2026-03-23 16:39:01,299  INFO        [PG] Fetching 2025-03-25 × 2025-04-04 ...
2026-03-23 16:39:02,993  INFO        [PG] Fetching 2025-03-25 × 2025-04-25 ...
2026-03-23 16:39:04,980  INFO        [PG] Fetching 2025-03-25 × 2025-06-20 ...
2026-03-23 16:39:06,368  INFO        [PG] Fetching 2025-03-25 × 2025-09-19 ...
2026-03-23 16:39:09,989  INFO        [CAT] Fetching 2025-03-25 × 2025-04-04 ...
2026-03-23 16:39:11,428  INFO        [CAT] Fetching 2025-03-25 × 2025-04-25 ...
2026-03-23 16:39:12,822  INFO        [CAT] Fetching 2025-03-25 × 2025-06-20 ...
2026-03-23 16:39:14,774  INFO        [CAT] Fetching 2025-03-25 × 2025-09-19 ...
2026-03-23 16:39:16,116  INFO      
[3/7] 2025-03-26
2026-03-23 16:39:18,171  INFO        [AAPL] Fetching 2025-03-26 × 2025-04-04 ...
2026-03-23 16:39:19,499  INFO        [AAPL] Fetching 2025-03-26 × 2025-04-25 ...
2026-03-23 16:39:21,008  INFO        [AAPL] Fetching 2025-03-26 × 2025-06-20 ...
2026-03-23 16:39:22,506  INFO        [AAPL] Fetching 2025-03-26 × 2025-09-19 ...
2026-03-23 16:39:25,589  INFO        [NVDA] Fetching 2025-03-26 × 2025-04-04 ...
2026-03-23 16:39:26,825  INFO        [NVDA] Fetching 2025-03-26 × 2025-04-25 ...
2026-03-23 16:39:28,098  INFO        [NVDA] Fetching 2025-03-26 × 2025-06-20 ...
2026-03-23 16:39:29,872  INFO        [NVDA] Fetching 2025-03-26 × 2025-09-19 ...
2026-03-23 16:39:32,604  INFO        [AMZN] Fetching 2025-03-26 × 2025-04-04 ...
2026-03-23 16:39:33,905  INFO        [AMZN] Fetching 2025-03-26 × 2025-04-25 ...
2026-03-23 16:39:35,139  INFO        [AMZN] Fetching 2025-03-26 × 2025-06-20 ...
2026-03-23 16:39:36,918  INFO        [AMZN] Fetching 2025-03-26 × 2025-09-19 ...
2026-03-23 16:39:39,548  INFO        [PG] Fetching 2025-03-26 × 2025-04-04 ...
2026-03-23 16:39:40,889  INFO        [PG] Fetching 2025-03-26 × 2025-04-25 ...
2026-03-23 16:39:42,155  INFO        [PG] Fetching 2025-03-26 × 2025-06-20 ...
2026-03-23 16:39:43,865  INFO        [PG] Fetching 2025-03-26 × 2025-09-19 ...
2026-03-23 16:39:46,812  INFO        [CAT] Fetching 2025-03-26 × 2025-04-04 ...
2026-03-23 16:39:48,168  INFO        [CAT] Fetching 2025-03-26 × 2025-04-25 ...
2026-03-23 16:39:49,449  INFO        [CAT] Fetching 2025-03-26 × 2025-06-20 ...
2026-03-23 16:39:50,821  INFO        [CAT] Fetching 2025-03-26 × 2025-09-19 ...
2026-03-23 16:39:52,142  INFO      
[4/7] 2025-03-27
2026-03-23 16:39:53,800  INFO        [AAPL] Fetching 2025-03-27 × 2025-04-04 ...
2026-03-23 16:39:55,527  INFO        [AAPL] Fetching 2025-03-27 × 2025-04-25 ...
2026-03-23 16:39:56,872  INFO        [AAPL] Fetching 2025-03-27 × 2025-06-20 ...
2026-03-23 16:39:58,273  INFO        [AAPL] Fetching 2025-03-27 × 2025-09-19 ...
2026-03-23 16:40:02,705  INFO        [NVDA] Fetching 2025-03-27 × 2025-04-04 ...
2026-03-23 16:40:04,005  INFO        [NVDA] Fetching 2025-03-27 × 2025-04-25 ...
2026-03-23 16:40:05,429  INFO        [NVDA] Fetching 2025-03-27 × 2025-06-20 ...
2026-03-23 16:40:07,027  INFO        [NVDA] Fetching 2025-03-27 × 2025-09-19 ...
2026-03-23 16:40:10,744  INFO        [AMZN] Fetching 2025-03-27 × 2025-04-04 ...
2026-03-23 16:40:12,354  INFO        [AMZN] Fetching 2025-03-27 × 2025-04-25 ...
2026-03-23 16:40:13,929  INFO        [AMZN] Fetching 2025-03-27 × 2025-06-20 ...
2026-03-23 16:40:15,537  INFO        [AMZN] Fetching 2025-03-27 × 2025-09-19 ...
2026-03-23 16:40:20,020  INFO        [PG] Fetching 2025-03-27 × 2025-04-04 ...
2026-03-23 16:40:22,136  INFO        [PG] Fetching 2025-03-27 × 2025-04-25 ...
2026-03-23 16:40:24,024  INFO        [PG] Fetching 2025-03-27 × 2025-06-20 ...
2026-03-23 16:40:25,332  INFO        [PG] Fetching 2025-03-27 × 2025-09-19 ...
2026-03-23 16:40:28,168  INFO        [CAT] Fetching 2025-03-27 × 2025-04-04 ...
2026-03-23 16:40:29,421  INFO        [CAT] Fetching 2025-03-27 × 2025-04-25 ...
2026-03-23 16:40:30,874  INFO        [CAT] Fetching 2025-03-27 × 2025-06-20 ...
2026-03-23 16:40:32,169  INFO        [CAT] Fetching 2025-03-27 × 2025-09-19 ...
2026-03-23 16:40:34,130  INFO      
[5/7] 2025-03-28
2026-03-23 16:40:36,169  INFO        [AAPL] Fetching 2025-03-28 × 2025-04-04 ...
2026-03-23 16:40:37,688  INFO        [AAPL] Fetching 2025-03-28 × 2025-04-25 ...
2026-03-23 16:40:39,357  INFO        [AAPL] Fetching 2025-03-28 × 2025-06-20 ...
2026-03-23 16:40:40,571  INFO        [AAPL] Fetching 2025-03-28 × 2025-09-19 ...
2026-03-23 16:40:44,480  INFO        [NVDA] Fetching 2025-03-28 × 2025-04-04 ...
2026-03-23 16:40:46,039  INFO        [NVDA] Fetching 2025-03-28 × 2025-04-25 ...
2026-03-23 16:40:47,554  INFO        [NVDA] Fetching 2025-03-28 × 2025-06-20 ...
2026-03-23 16:40:49,599  INFO        [NVDA] Fetching 2025-03-28 × 2025-09-19 ...
2026-03-23 16:40:52,939  INFO        [AMZN] Fetching 2025-03-28 × 2025-04-04 ...
2026-03-23 16:40:54,734  INFO        [AMZN] Fetching 2025-03-28 × 2025-04-25 ...
2026-03-23 16:40:56,212  INFO        [AMZN] Fetching 2025-03-28 × 2025-06-20 ...
2026-03-23 16:40:57,564  INFO        [AMZN] Fetching 2025-03-28 × 2025-09-19 ...
2026-03-23 16:41:00,288  INFO        [PG] Fetching 2025-03-28 × 2025-04-04 ...
2026-03-23 16:41:01,542  INFO        [PG] Fetching 2025-03-28 × 2025-04-25 ...
2026-03-23 16:41:03,256  INFO        [PG] Fetching 2025-03-28 × 2025-06-20 ...
2026-03-23 16:41:04,428  INFO        [PG] Fetching 2025-03-28 × 2025-09-19 ...
2026-03-23 16:41:07,582  INFO        [CAT] Fetching 2025-03-28 × 2025-04-04 ...
2026-03-23 16:41:08,956  INFO        [CAT] Fetching 2025-03-28 × 2025-04-25 ...
2026-03-23 16:41:10,758  INFO        [CAT] Fetching 2025-03-28 × 2025-06-20 ...
2026-03-23 16:41:12,115  INFO        [CAT] Fetching 2025-03-28 × 2025-09-19 ...
2026-03-23 16:41:13,311  INFO      
[6/7] 2025-03-31
2026-03-23 16:41:15,491  INFO        [AAPL] Fetching 2025-03-31 × 2025-04-04 ...
2026-03-23 16:41:16,693  INFO        [AAPL] Fetching 2025-03-31 × 2025-05-02 ...
2026-03-23 16:41:17,891  INFO        [AAPL] Fetching 2025-03-31 × 2025-06-20 ...
2026-03-23 16:41:19,194  INFO        [AAPL] Fetching 2025-03-31 × 2025-09-19 ...
2026-03-23 16:41:22,996  INFO        [NVDA] Fetching 2025-03-31 × 2025-04-04 ...
2026-03-23 16:41:24,740  INFO        [NVDA] Fetching 2025-03-31 × 2025-05-02 ...
2026-03-23 16:41:26,060  INFO        [NVDA] Fetching 2025-03-31 × 2025-06-20 ...
2026-03-23 16:41:27,481  INFO        [NVDA] Fetching 2025-03-31 × 2025-09-19 ...
2026-03-23 16:41:30,386  INFO        [AMZN] Fetching 2025-03-31 × 2025-04-04 ...
2026-03-23 16:41:31,622  INFO        [AMZN] Fetching 2025-03-31 × 2025-05-02 ...
2026-03-23 16:41:32,827  INFO        [AMZN] Fetching 2025-03-31 × 2025-06-20 ...
2026-03-23 16:41:34,210  INFO        [AMZN] Fetching 2025-03-31 × 2025-09-19 ...
2026-03-23 16:41:37,275  INFO        [PG] Fetching 2025-03-31 × 2025-04-04 ...
2026-03-23 16:41:39,051  INFO        [PG] Fetching 2025-03-31 × 2025-05-02 ...
2026-03-23 16:41:40,248  INFO        [PG] Fetching 2025-03-31 × 2025-06-20 ...
2026-03-23 16:41:41,419  INFO        [PG] Fetching 2025-03-31 × 2025-09-19 ...
2026-03-23 16:41:44,134  INFO        [CAT] Fetching 2025-03-31 × 2025-04-04 ...
2026-03-23 16:41:45,455  INFO        [CAT] Fetching 2025-03-31 × 2025-05-02 ...
2026-03-23 16:41:46,807  INFO        [CAT] Fetching 2025-03-31 × 2025-06-20 ...
2026-03-23 16:41:48,700  INFO        [CAT] Fetching 2025-03-31 × 2025-09-19 ...
2026-03-23 16:41:49,918  INFO      
[7/7] 2025-04-01
2026-03-23 16:41:52,057  INFO        [AAPL] Fetching 2025-04-01 × 2025-04-11 ...
2026-03-23 16:41:53,763  INFO        [AAPL] Fetching 2025-04-01 × 2025-05-02 ...
2026-03-23 16:41:55,393  INFO        [AAPL] Fetching 2025-04-01 × 2025-06-20 ...
2026-03-23 16:41:57,051  INFO        [AAPL] Fetching 2025-04-01 × 2025-09-19 ...
2026-03-23 16:42:00,250  INFO        [NVDA] Fetching 2025-04-01 × 2025-04-11 ...
2026-03-23 16:42:01,559  INFO        [NVDA] Fetching 2025-04-01 × 2025-05-02 ...
2026-03-23 16:42:03,235  INFO        [NVDA] Fetching 2025-04-01 × 2025-06-20 ...
2026-03-23 16:42:04,418  INFO        [NVDA] Fetching 2025-04-01 × 2025-09-19 ...
2026-03-23 16:42:08,253  INFO        [AMZN] Fetching 2025-04-01 × 2025-04-11 ...
2026-03-23 16:42:09,969  INFO        [AMZN] Fetching 2025-04-01 × 2025-05-02 ...
2026-03-23 16:42:11,229  INFO        [AMZN] Fetching 2025-04-01 × 2025-06-20 ...
2026-03-23 16:42:12,591  INFO        [AMZN] Fetching 2025-04-01 × 2025-09-19 ...
2026-03-23 16:42:15,766  INFO        [PG] Fetching 2025-04-01 × 2025-04-11 ...
2026-03-23 16:42:17,013  INFO        [PG] Fetching 2025-04-01 × 2025-05-02 ...
2026-03-23 16:42:18,239  INFO        [PG] Fetching 2025-04-01 × 2025-06-20 ...
2026-03-23 16:42:19,358  INFO        [PG] Fetching 2025-04-01 × 2025-09-19 ...
2026-03-23 16:42:22,121  INFO        [CAT] Fetching 2025-04-01 × 2025-04-11 ...
2026-03-23 16:42:23,358  INFO        [CAT] Fetching 2025-04-01 × 2025-05-02 ...
2026-03-23 16:42:24,833  INFO        [CAT] Fetching 2025-04-01 × 2025-06-20 ...
2026-03-23 16:42:26,166  INFO        [CAT] Fetching 2025-04-01 × 2025-09-19 ...
2026-03-23 16:42:27,507  INFO      
Phase 1 complete. 140 files saved.
2026-03-23 16:55:15,100  INFO      
============================================================
Phase 2: tariff_event_window
Dates: 2025-03-18 -> 2025-05-09  (38 collection days)
Tickers: ['AAPL', 'NVDA', 'AMZN', 'PG', 'CAT']
Strike limit: 30
============================================================
2026-03-23 16:55:15,101  INFO      
[1/38] 2025-03-18
2026-03-23 16:55:17,511  INFO        [AAPL] Fetching 2025-03-18 x 2025-03-28 ...
2026-03-23 16:55:19,183  INFO        [AAPL] Saved  60 rows -> AAPL/phase2/AAPL_2025-03-18_2025-03-28.csv
2026-03-23 16:55:19,184  INFO        [AAPL] Fetching 2025-03-18 x 2025-04-17 ...
2026-03-23 16:55:20,460  INFO        [AAPL] Saved  60 rows -> AAPL/phase2/AAPL_2025-03-18_2025-04-17.csv
2026-03-23 16:55:20,461  INFO        [AAPL] Fetching 2025-03-18 x 2025-06-20 ...
2026-03-23 16:55:22,508  INFO        [AAPL] Saved  60 rows -> AAPL/phase2/AAPL_2025-03-18_2025-06-20.csv
2026-03-23 16:55:22,509  INFO        [AAPL] Fetching 2025-03-18 x 2025-09-19 ...
2026-03-23 16:55:24,252  INFO        [AAPL] Saved  60 rows -> AAPL/phase2/AAPL_2025-03-18_2025-09-19.csv
2026-03-23 16:55:25,431  ERROR     HTTP 402: https://api.marketdata.app/v1/options/expirations/NVDA/ — {"s":"error","errmsg":"Free/Trial users can only access up to 1 year of data."}
2026-03-23 16:55:25,433  WARNING     [NVDA] No expirations on 2025-03-18
2026-03-23 16:55:26,758  ERROR     HTTP 402: https://api.marketdata.app/v1/options/expirations/AMZN/ — {"s":"error","errmsg":"Free/Trial users can only access up to 1 year of data."}
2026-03-23 16:55:26,759  WARNING     [AMZN] No expirations on 2025-03-18
2026-03-23 16:55:27,516  ERROR     HTTP 402: https://api.marketdata.app/v1/options/expirations/PG/ — {"s":"error","errmsg":"Free/Trial users can only access up to 1 year of data."}
2026-03-23 16:55:27,517  WARNING     [PG] No expirations on 2025-03-18
2026-03-23 16:55:28,902  ERROR     HTTP 402: https://api.marketdata.app/v1/options/expirations/CAT/ — {"s":"error","errmsg":"Free/Trial users can only access up to 1 year of data."}
2026-03-23 16:55:28,903  WARNING     [CAT] No expirations on 2025-03-18
2026-03-23 16:55:28,904  INFO      
[2/38] 2025-03-19
2026-03-23 16:55:31,306  INFO        [AAPL] Fetching 2025-03-19 x 2025-03-28 ...
2026-03-23 16:55:33,036  INFO        [AAPL] Saved  60 rows -> AAPL/phase2/AAPL_2025-03-19_2025-03-28.csv
2026-03-23 16:55:33,037  INFO        [AAPL] Fetching 2025-03-19 x 2025-04-17 ...
2026-03-23 16:55:34,389  INFO        [AAPL] Saved  60 rows -> AAPL/phase2/AAPL_2025-03-19_2025-04-17.csv
2026-03-23 16:55:34,391  INFO        [AAPL] Fetching 2025-03-19 x 2025-06-20 ...
2026-03-23 16:55:36,630  INFO        [AAPL] Saved  60 rows -> AAPL/phase2/AAPL_2025-03-19_2025-06-20.csv
2026-03-23 16:55:36,631  INFO        [AAPL] Fetching 2025-03-19 x 2025-09-19 ...
2026-03-23 16:55:38,496  INFO        [AAPL] Saved  60 rows -> AAPL/phase2/AAPL_2025-03-19_2025-09-19.csv
2026-03-23 16:55:39,755  ERROR     HTTP 402: https://api.marketdata.app/v1/options/expirations/NVDA/ — {"s":"error","errmsg":"Free/Trial users can only access up to 1 year of data."}
2026-03-23 16:55:39,757  WARNING     [NVDA] No expirations on 2025-03-19
2026-03-23 16:55:41,135  ERROR     HTTP 402: https://api.marketdata.app/v1/options/expirations/AMZN/ — {"s":"error","errmsg":"Free/Trial users can only access up to 1 year of data."}
2026-03-23 16:55:41,136  WARNING     [AMZN] No expirations on 2025-03-19
2026-03-23 16:55:42,011  ERROR     HTTP 402: https://api.marketdata.app/v1/options/expirations/PG/ — {"s":"error","errmsg":"Free/Trial users can only access up to 1 year of data."}
2026-03-23 16:55:42,013  WARNING     [PG] No expirations on 2025-03-19
2026-03-23 16:55:42,931  ERROR     HTTP 402: https://api.marketdata.app/v1/options/expirations/CAT/ — {"s":"error","errmsg":"Free/Trial users can only access up to 1 year of data."}
2026-03-23 16:55:42,933  WARNING     [CAT] No expirations on 2025-03-19
2026-03-23 16:55:42,933  INFO      
[3/38] 2025-03-20
2026-03-23 16:55:44,617  INFO        [AAPL] Fetching 2025-03-20 x 2025-03-28 ...
2026-03-23 16:55:46,260  INFO        [AAPL] Saved  60 rows -> AAPL/phase2/AAPL_2025-03-20_2025-03-28.csv
2026-03-23 16:55:46,261  INFO        [AAPL] Fetching 2025-03-20 x 2025-04-17 ...
2026-03-23 16:55:47,691  INFO        [AAPL] Saved  60 rows -> AAPL/phase2/AAPL_2025-03-20_2025-04-17.csv
2026-03-23 16:55:47,692  INFO        [AAPL] Fetching 2025-03-20 x 2025-06-20 ...
2026-03-23 16:55:48,972  INFO        [AAPL] Saved  60 rows -> AAPL/phase2/AAPL_2025-03-20_2025-06-20.csv
2026-03-23 16:55:48,973  INFO        [AAPL] Fetching 2025-03-20 x 2025-09-19 ...
2026-03-23 16:55:50,356  INFO        [AAPL] Saved  60 rows -> AAPL/phase2/AAPL_2025-03-20_2025-09-19.csv
2026-03-23 16:55:51,226  ERROR     HTTP 402: https://api.marketdata.app/v1/options/expirations/NVDA/ — {"s":"error","errmsg":"Free/Trial users can only access up to 1 year of data."}
2026-03-23 16:55:51,228  WARNING     [NVDA] No expirations on 2025-03-20
2026-03-23 16:55:52,049  ERROR     HTTP 402: https://api.marketdata.app/v1/options/expirations/AMZN/ — {"s":"error","errmsg":"Free/Trial users can only access up to 1 year of data."}
2026-03-23 16:55:52,051  WARNING     [AMZN] No expirations on 2025-03-20
2026-03-23 16:55:52,849  ERROR     HTTP 402: https://api.marketdata.app/v1/options/expirations/PG/ — {"s":"error","errmsg":"Free/Trial users can only access up to 1 year of data."}
2026-03-23 16:55:52,851  WARNING     [PG] No expirations on 2025-03-20
2026-03-23 16:55:54,296  ERROR     HTTP 402: https://api.marketdata.app/v1/options/expirations/CAT/ — {"s":"error","errmsg":"Free/Trial users can only access up to 1 year of data."}
2026-03-23 16:55:54,298  WARNING     [CAT] No expirations on 2025-03-20
2026-03-23 16:55:54,298  INFO      
[4/38] 2025-03-21
2026-03-23 16:55:55,917  INFO        [AAPL] Fetching 2025-03-21 x 2025-03-28 ...
2026-03-23 16:55:57,216  INFO        [AAPL] Saved  60 rows -> AAPL/phase2/AAPL_2025-03-21_2025-03-28.csv
2026-03-23 16:55:57,216  INFO        [AAPL] Fetching 2025-03-21 x 2025-04-17 ...
2026-03-23 16:55:58,544  INFO        [AAPL] Saved  60 rows -> AAPL/phase2/AAPL_2025-03-21_2025-04-17.csv
2026-03-23 16:55:58,545  INFO        [AAPL] Fetching 2025-03-21 x 2025-06-20 ...
2026-03-23 16:56:00,193  INFO        [AAPL] Saved  60 rows -> AAPL/phase2/AAPL_2025-03-21_2025-06-20.csv
2026-03-23 16:56:00,194  INFO        [AAPL] Fetching 2025-03-21 x 2025-09-19 ...
2026-03-23 16:56:01,924  INFO        [AAPL] Saved  60 rows -> AAPL/phase2/AAPL_2025-03-21_2025-09-19.csv
2026-03-23 16:56:02,699  ERROR     HTTP 402: https://api.marketdata.app/v1/options/expirations/NVDA/ — {"s":"error","errmsg":"Free/Trial users can only access up to 1 year of data."}
2026-03-23 16:56:02,701  WARNING     [NVDA] No expirations on 2025-03-21
2026-03-23 16:56:03,520  ERROR     HTTP 402: https://api.marketdata.app/v1/options/expirations/AMZN/ — {"s":"error","errmsg":"Free/Trial users can only access up to 1 year of data."}
2026-03-23 16:56:03,522  WARNING     [AMZN] No expirations on 2025-03-21
2026-03-23 16:56:04,435  ERROR     HTTP 402: https://api.marketdata.app/v1/options/expirations/PG/ — {"s":"error","errmsg":"Free/Trial users can only access up to 1 year of data."}
2026-03-23 16:56:04,437  WARNING     [PG] No expirations on 2025-03-21
2026-03-23 16:56:05,466  ERROR     HTTP 402: https://api.marketdata.app/v1/options/expirations/CAT/ — {"s":"error","errmsg":"Free/Trial users can only access up to 1 year of data."}
2026-03-23 16:56:05,467  WARNING     [CAT] No expirations on 2025-03-21
2026-03-23 16:56:05,468  INFO      
[5/38] 2025-03-24
2026-03-23 16:56:07,761  INFO        [AAPL] Fetching 2025-03-24 x 2025-03-28 ...
2026-03-23 16:56:09,196  INFO        [AAPL] Saved  60 rows -> AAPL/phase2/AAPL_2025-03-24_2025-03-28.csv
2026-03-23 16:56:09,197  INFO        [AAPL] Fetching 2025-03-24 x 2025-04-25 ...
2026-03-23 16:56:10,565  INFO        [AAPL] Saved  60 rows -> AAPL/phase2/AAPL_2025-03-24_2025-04-25.csv
2026-03-23 16:56:10,566  INFO        [AAPL] Fetching 2025-03-24 x 2025-06-20 ...
2026-03-23 16:56:11,947  INFO        [AAPL] Saved  60 rows -> AAPL/phase2/AAPL_2025-03-24_2025-06-20.csv
2026-03-23 16:56:11,948  INFO        [AAPL] Fetching 2025-03-24 x 2025-09-19 ...
2026-03-23 16:56:13,806  INFO        [AAPL] Saved  60 rows -> AAPL/phase2/AAPL_2025-03-24_2025-09-19.csv
2026-03-23 16:56:15,956  INFO        [NVDA] Fetching 2025-03-24 x 2025-03-28 ...
2026-03-23 16:56:17,263  INFO        [NVDA] Saved  60 rows -> NVDA/phase2/NVDA_2025-03-24_2025-03-28.csv
2026-03-23 16:56:17,264  INFO        [NVDA] Fetching 2025-03-24 x 2025-04-25 ...
2026-03-23 16:56:19,253  INFO        [NVDA] Saved  60 rows -> NVDA/phase2/NVDA_2025-03-24_2025-04-25.csv
2026-03-23 16:56:19,254  INFO        [NVDA] Fetching 2025-03-24 x 2025-06-20 ...
2026-03-23 16:56:20,943  INFO        [NVDA] Saved  60 rows -> NVDA/phase2/NVDA_2025-03-24_2025-06-20.csv
2026-03-23 16:56:20,945  INFO        [NVDA] Fetching 2025-03-24 x 2025-09-19 ...
2026-03-23 16:56:23,022  INFO        [NVDA] Saved  60 rows -> NVDA/phase2/NVDA_2025-03-24_2025-09-19.csv
2026-03-23 16:56:24,655  INFO        [AMZN] Fetching 2025-03-24 x 2025-03-28 ...
2026-03-23 16:56:25,988  INFO        [AMZN] Saved  60 rows -> AMZN/phase2/AMZN_2025-03-24_2025-03-28.csv
2026-03-23 16:56:25,989  INFO        [AMZN] Fetching 2025-03-24 x 2025-04-25 ...
2026-03-23 16:56:27,303  INFO        [AMZN] Saved  60 rows -> AMZN/phase2/AMZN_2025-03-24_2025-04-25.csv
2026-03-23 16:56:27,303  INFO        [AMZN] Fetching 2025-03-24 x 2025-06-20 ...
2026-03-23 16:56:28,760  INFO        [AMZN] Saved  60 rows -> AMZN/phase2/AMZN_2025-03-24_2025-06-20.csv
2026-03-23 16:56:28,762  INFO        [AMZN] Fetching 2025-03-24 x 2025-09-19 ...
2026-03-23 16:56:30,289  INFO        [AMZN] Saved  60 rows -> AMZN/phase2/AMZN_2025-03-24_2025-09-19.csv
2026-03-23 16:56:31,861  INFO        [PG] Fetching 2025-03-24 x 2025-03-28 ...
2026-03-23 16:56:33,882  INFO        [PG] Saved  60 rows -> PG/phase2/PG_2025-03-24_2025-03-28.csv
2026-03-23 16:56:33,883  INFO        [PG] Fetching 2025-03-24 x 2025-04-25 ...
2026-03-23 16:56:35,949  INFO        [PG] Saved  60 rows -> PG/phase2/PG_2025-03-24_2025-04-25.csv
2026-03-23 16:56:35,951  INFO        [PG] Fetching 2025-03-24 x 2025-06-20 ...
2026-03-23 16:56:38,744  INFO        [PG] Saved  60 rows -> PG/phase2/PG_2025-03-24_2025-06-20.csv
2026-03-23 16:56:38,745  INFO        [PG] Fetching 2025-03-24 x 2025-09-19 ...
2026-03-23 16:56:40,569  INFO        [PG] Saved  58 rows -> PG/phase2/PG_2025-03-24_2025-09-19.csv
2026-03-23 16:56:42,271  INFO        [CAT] Fetching 2025-03-24 x 2025-03-28 ...
2026-03-23 16:56:44,214  INFO        [CAT] Saved  60 rows -> CAT/phase2/CAT_2025-03-24_2025-03-28.csv
2026-03-23 16:56:44,215  INFO        [CAT] Fetching 2025-03-24 x 2025-04-25 ...
2026-03-23 16:56:45,549  INFO        [CAT] Saved  60 rows -> CAT/phase2/CAT_2025-03-24_2025-04-25.csv
2026-03-23 16:56:45,550  INFO        [CAT] Fetching 2025-03-24 x 2025-06-20 ...
2026-03-23 16:56:46,995  INFO        [CAT] Saved  60 rows -> CAT/phase2/CAT_2025-03-24_2025-06-20.csv
2026-03-23 16:56:46,996  INFO        [CAT] Fetching 2025-03-24 x 2025-09-19 ...
2026-03-23 16:56:48,522  INFO        [CAT] Saved  60 rows -> CAT/phase2/CAT_2025-03-24_2025-09-19.csv
2026-03-23 16:56:48,523  INFO      
[6/38] 2025-03-25
2026-03-23 16:56:50,152  INFO        [AAPL] Fetching 2025-03-25 x 2025-04-04 ...
2026-03-23 16:56:52,096  INFO        [AAPL] Saved  60 rows -> AAPL/phase2/AAPL_2025-03-25_2025-04-04.csv
2026-03-23 16:56:52,097  INFO        [AAPL] Fetching 2025-03-25 x 2025-04-25 ...
2026-03-23 16:56:53,644  INFO        [AAPL] Saved  60 rows -> AAPL/phase2/AAPL_2025-03-25_2025-04-25.csv
2026-03-23 16:56:53,645  INFO        [AAPL] Fetching 2025-03-25 x 2025-06-20 ...
2026-03-23 16:56:55,436  INFO        [AAPL] Saved  60 rows -> AAPL/phase2/AAPL_2025-03-25_2025-06-20.csv
2026-03-23 16:56:55,437  INFO        [AAPL] Fetching 2025-03-25 x 2025-09-19 ...
2026-03-23 16:56:56,817  INFO        [AAPL] Saved  60 rows -> AAPL/phase2/AAPL_2025-03-25_2025-09-19.csv
2026-03-23 16:56:58,958  INFO        [NVDA] Fetching 2025-03-25 x 2025-04-04 ...
2026-03-23 16:57:01,087  INFO        [NVDA] Saved  60 rows -> NVDA/phase2/NVDA_2025-03-25_2025-04-04.csv
2026-03-23 16:57:01,089  INFO        [NVDA] Fetching 2025-03-25 x 2025-04-25 ...
2026-03-23 16:57:03,682  INFO        [NVDA] Saved  60 rows -> NVDA/phase2/NVDA_2025-03-25_2025-04-25.csv
2026-03-23 16:57:03,683  INFO        [NVDA] Fetching 2025-03-25 x 2025-06-20 ...
2026-03-23 16:57:05,631  INFO        [NVDA] Saved  60 rows -> NVDA/phase2/NVDA_2025-03-25_2025-06-20.csv
2026-03-23 16:57:05,633  INFO        [NVDA] Fetching 2025-03-25 x 2025-09-19 ...
2026-03-23 16:57:07,364  INFO        [NVDA] Saved  60 rows -> NVDA/phase2/NVDA_2025-03-25_2025-09-19.csv
2026-03-23 16:57:09,505  INFO        [AMZN] Fetching 2025-03-25 x 2025-04-04 ...
2026-03-23 16:57:10,805  INFO        [AMZN] Saved  60 rows -> AMZN/phase2/AMZN_2025-03-25_2025-04-04.csv
2026-03-23 16:57:10,806  INFO        [AMZN] Fetching 2025-03-25 x 2025-04-25 ...
2026-03-23 16:57:12,375  INFO        [AMZN] Saved  60 rows -> AMZN/phase2/AMZN_2025-03-25_2025-04-25.csv
2026-03-23 16:57:12,376  INFO        [AMZN] Fetching 2025-03-25 x 2025-06-20 ...
2026-03-23 16:57:13,926  INFO        [AMZN] Saved  60 rows -> AMZN/phase2/AMZN_2025-03-25_2025-06-20.csv
2026-03-23 16:57:13,928  INFO        [AMZN] Fetching 2025-03-25 x 2025-09-19 ...
2026-03-23 16:57:15,867  INFO        [AMZN] Saved  60 rows -> AMZN/phase2/AMZN_2025-03-25_2025-09-19.csv
2026-03-23 16:57:17,491  INFO        [PG] Fetching 2025-03-25 x 2025-04-04 ...
2026-03-23 16:57:18,831  INFO        [PG] Saved  60 rows -> PG/phase2/PG_2025-03-25_2025-04-04.csv
2026-03-23 16:57:18,832  INFO        [PG] Fetching 2025-03-25 x 2025-04-25 ...
2026-03-23 16:57:20,163  INFO        [PG] Saved  60 rows -> PG/phase2/PG_2025-03-25_2025-04-25.csv
2026-03-23 16:57:20,164  INFO        [PG] Fetching 2025-03-25 x 2025-06-20 ...
2026-03-23 16:57:22,115  INFO        [PG] Saved  60 rows -> PG/phase2/PG_2025-03-25_2025-06-20.csv
2026-03-23 16:57:22,116  INFO        [PG] Fetching 2025-03-25 x 2025-09-19 ...
2026-03-23 16:57:23,986  INFO        [PG] Saved  58 rows -> PG/phase2/PG_2025-03-25_2025-09-19.csv
2026-03-23 16:57:26,220  INFO        [CAT] Fetching 2025-03-25 x 2025-04-04 ...
2026-03-23 16:57:27,530  INFO        [CAT] Saved  60 rows -> CAT/phase2/CAT_2025-03-25_2025-04-04.csv
2026-03-23 16:57:27,531  INFO        [CAT] Fetching 2025-03-25 x 2025-04-25 ...
2026-03-23 16:57:29,584  INFO        [CAT] Saved  60 rows -> CAT/phase2/CAT_2025-03-25_2025-04-25.csv
2026-03-23 16:57:29,585  INFO        [CAT] Fetching 2025-03-25 x 2025-06-20 ...
2026-03-23 16:57:31,329  INFO        [CAT] Saved  60 rows -> CAT/phase2/CAT_2025-03-25_2025-06-20.csv
2026-03-23 16:57:31,330  INFO        [CAT] Fetching 2025-03-25 x 2025-09-19 ...
2026-03-23 16:57:33,439  INFO        [CAT] Saved  60 rows -> CAT/phase2/CAT_2025-03-25_2025-09-19.csv
2026-03-23 16:57:33,440  INFO      
[7/38] 2025-03-26
2026-03-23 16:57:35,926  INFO        [AAPL] Fetching 2025-03-26 x 2025-04-04 ...
2026-03-23 16:57:37,998  INFO        [AAPL] Saved  60 rows -> AAPL/phase2/AAPL_2025-03-26_2025-04-04.csv
2026-03-23 16:57:37,999  INFO        [AAPL] Fetching 2025-03-26 x 2025-04-25 ...
2026-03-23 16:57:39,662  INFO        [AAPL] Saved  60 rows -> AAPL/phase2/AAPL_2025-03-26_2025-04-25.csv
2026-03-23 16:57:39,666  INFO        [AAPL] Fetching 2025-03-26 x 2025-06-20 ...
2026-03-23 16:57:41,971  INFO        [AAPL] Saved  60 rows -> AAPL/phase2/AAPL_2025-03-26_2025-06-20.csv
2026-03-23 16:57:41,971  INFO        [AAPL] Fetching 2025-03-26 x 2025-09-19 ...
2026-03-23 16:57:43,404  INFO        [AAPL] Saved  60 rows -> AAPL/phase2/AAPL_2025-03-26_2025-09-19.csv
2026-03-23 16:57:46,166  INFO        [NVDA] Fetching 2025-03-26 x 2025-04-04 ...
2026-03-23 16:57:48,013  INFO        [NVDA] Saved  60 rows -> NVDA/phase2/NVDA_2025-03-26_2025-04-04.csv
2026-03-23 16:57:48,014  INFO        [NVDA] Fetching 2025-03-26 x 2025-04-25 ...
2026-03-23 16:57:49,455  INFO        [NVDA] Saved  60 rows -> NVDA/phase2/NVDA_2025-03-26_2025-04-25.csv
2026-03-23 16:57:49,461  INFO        [NVDA] Fetching 2025-03-26 x 2025-06-20 ...
2026-03-23 16:57:51,390  INFO        [NVDA] Saved  60 rows -> NVDA/phase2/NVDA_2025-03-26_2025-06-20.csv
2026-03-23 16:57:51,391  INFO        [NVDA] Fetching 2025-03-26 x 2025-09-19 ...
2026-03-23 16:57:52,825  INFO        [NVDA] Saved  60 rows -> NVDA/phase2/NVDA_2025-03-26_2025-09-19.csv
2026-03-23 16:57:54,458  INFO        [AMZN] Fetching 2025-03-26 x 2025-04-04 ...
2026-03-23 16:57:56,215  INFO        [AMZN] Saved  60 rows -> AMZN/phase2/AMZN_2025-03-26_2025-04-04.csv
2026-03-23 16:57:56,216  INFO        [AMZN] Fetching 2025-03-26 x 2025-04-25 ...
2026-03-23 16:57:57,537  INFO        [AMZN] Saved  60 rows -> AMZN/phase2/AMZN_2025-03-26_2025-04-25.csv
2026-03-23 16:57:57,538  INFO        [AMZN] Fetching 2025-03-26 x 2025-06-20 ...
2026-03-23 16:59:43,917  INFO      
============================================================
Phase 2: tariff_event_window
Dates: 2025-04-02 -> 2025-05-09  (27 collection days)
Tickers: ['AAPL', 'NVDA', 'AMZN', 'PG', 'CAT']
Strike limit: 30
============================================================
2026-03-23 16:59:43,918  INFO      
[1/27] 2025-04-02
2026-03-23 16:59:46,390  INFO        [AAPL] Fetching 2025-04-02 x 2025-04-11 ...
2026-03-23 16:59:48,129  INFO        [AAPL] Saved  60 rows -> AAPL/phase2/AAPL_2025-04-02_2025-04-11.csv
2026-03-23 16:59:48,130  INFO        [AAPL] Fetching 2025-04-02 x 2025-05-02 ...
2026-03-23 16:59:49,974  INFO        [AAPL] Saved  60 rows -> AAPL/phase2/AAPL_2025-04-02_2025-05-02.csv
2026-03-23 16:59:49,975  INFO        [AAPL] Fetching 2025-04-02 x 2025-06-20 ...
2026-03-23 16:59:51,917  INFO        [AAPL] Saved  60 rows -> AAPL/phase2/AAPL_2025-04-02_2025-06-20.csv
2026-03-23 16:59:51,918  INFO        [AAPL] Fetching 2025-04-02 x 2025-09-19 ...
2026-03-23 16:59:53,168  INFO        [AAPL] Saved  60 rows -> AAPL/phase2/AAPL_2025-04-02_2025-09-19.csv
2026-03-23 16:59:55,551  INFO        [NVDA] Fetching 2025-04-02 x 2025-04-11 ...
2026-03-23 16:59:56,912  INFO        [NVDA] Saved  60 rows -> NVDA/phase2/NVDA_2025-04-02_2025-04-11.csv
2026-03-23 16:59:56,913  INFO        [NVDA] Fetching 2025-04-02 x 2025-05-02 ...
2026-03-23 16:59:58,818  INFO        [NVDA] Saved  60 rows -> NVDA/phase2/NVDA_2025-04-02_2025-05-02.csv
2026-03-23 16:59:58,819  INFO        [NVDA] Fetching 2025-04-02 x 2025-06-20 ...
2026-03-23 17:00:00,940  INFO        [NVDA] Saved  60 rows -> NVDA/phase2/NVDA_2025-04-02_2025-06-20.csv
2026-03-23 17:00:00,941  INFO        [NVDA] Fetching 2025-04-02 x 2025-09-19 ...
2026-03-23 17:00:02,572  INFO        [NVDA] Saved  60 rows -> NVDA/phase2/NVDA_2025-04-02_2025-09-19.csv
2026-03-23 17:00:04,443  INFO        [AMZN] Fetching 2025-04-02 x 2025-04-11 ...
2026-03-23 17:00:07,998  INFO        [AMZN] Saved  60 rows -> AMZN/phase2/AMZN_2025-04-02_2025-04-11.csv
2026-03-23 17:00:07,999  INFO        [AMZN] Fetching 2025-04-02 x 2025-05-02 ...
2026-03-23 17:00:09,737  INFO        [AMZN] Saved  60 rows -> AMZN/phase2/AMZN_2025-04-02_2025-05-02.csv
2026-03-23 17:00:09,739  INFO        [AMZN] Fetching 2025-04-02 x 2025-06-20 ...
2026-03-23 17:00:11,066  INFO        [AMZN] Saved  60 rows -> AMZN/phase2/AMZN_2025-04-02_2025-06-20.csv
2026-03-23 17:00:11,067  INFO        [AMZN] Fetching 2025-04-02 x 2025-09-19 ...
2026-03-23 17:00:12,848  INFO        [AMZN] Saved  60 rows -> AMZN/phase2/AMZN_2025-04-02_2025-09-19.csv
2026-03-23 17:00:14,645  INFO        [PG] Fetching 2025-04-02 x 2025-04-11 ...
2026-03-23 17:00:16,099  INFO        [PG] Saved  60 rows -> PG/phase2/PG_2025-04-02_2025-04-11.csv
2026-03-23 17:00:16,102  INFO        [PG] Fetching 2025-04-02 x 2025-05-02 ...
2026-03-23 17:00:18,132  INFO        [PG] Saved  60 rows -> PG/phase2/PG_2025-04-02_2025-05-02.csv
2026-03-23 17:00:18,133  INFO        [PG] Fetching 2025-04-02 x 2025-06-20 ...
2026-03-23 17:00:19,438  INFO        [PG] Saved  60 rows -> PG/phase2/PG_2025-04-02_2025-06-20.csv
2026-03-23 17:00:19,439  INFO        [PG] Fetching 2025-04-02 x 2025-09-19 ...
2026-03-23 17:00:20,998  INFO        [PG] Saved  58 rows -> PG/phase2/PG_2025-04-02_2025-09-19.csv
2026-03-23 17:00:23,140  INFO        [CAT] Fetching 2025-04-02 x 2025-04-11 ...
2026-03-23 17:00:25,499  INFO        [CAT] Saved  60 rows -> CAT/phase2/CAT_2025-04-02_2025-04-11.csv
2026-03-23 17:00:25,500  INFO        [CAT] Fetching 2025-04-02 x 2025-05-02 ...
2026-03-23 17:00:26,932  INFO        [CAT] Saved  60 rows -> CAT/phase2/CAT_2025-04-02_2025-05-02.csv
2026-03-23 17:00:26,933  INFO        [CAT] Fetching 2025-04-02 x 2025-06-20 ...
2026-03-23 17:00:28,267  INFO        [CAT] Saved  60 rows -> CAT/phase2/CAT_2025-04-02_2025-06-20.csv
2026-03-23 17:00:28,268  INFO        [CAT] Fetching 2025-04-02 x 2025-09-19 ...
2026-03-23 17:00:30,420  INFO        [CAT] Saved  60 rows -> CAT/phase2/CAT_2025-04-02_2025-09-19.csv
2026-03-23 17:00:30,421  INFO      
[2/27] 2025-04-03
2026-03-23 17:00:32,668  INFO        [AAPL] Fetching 2025-04-03 x 2025-04-11 ...
2026-03-23 17:00:33,940  INFO        [AAPL] Saved  60 rows -> AAPL/phase2/AAPL_2025-04-03_2025-04-11.csv
2026-03-23 17:00:33,941  INFO        [AAPL] Fetching 2025-04-03 x 2025-05-02 ...
2026-03-23 17:00:35,237  INFO        [AAPL] Saved  60 rows -> AAPL/phase2/AAPL_2025-04-03_2025-05-02.csv
2026-03-23 17:00:35,240  INFO        [AAPL] Fetching 2025-04-03 x 2025-06-20 ...
2026-03-23 17:00:36,795  INFO        [AAPL] Saved  60 rows -> AAPL/phase2/AAPL_2025-04-03_2025-06-20.csv
2026-03-23 17:00:36,796  INFO        [AAPL] Fetching 2025-04-03 x 2025-09-19 ...
2026-03-23 17:00:38,203  INFO        [AAPL] Saved  60 rows -> AAPL/phase2/AAPL_2025-04-03_2025-09-19.csv
2026-03-23 17:00:40,564  INFO        [NVDA] Fetching 2025-04-03 x 2025-04-11 ...
2026-03-23 17:00:41,944  INFO        [NVDA] Saved  60 rows -> NVDA/phase2/NVDA_2025-04-03_2025-04-11.csv
2026-03-23 17:00:41,945  INFO        [NVDA] Fetching 2025-04-03 x 2025-05-02 ...
2026-03-23 17:00:43,831  INFO        [NVDA] Saved  60 rows -> NVDA/phase2/NVDA_2025-04-03_2025-05-02.csv
2026-03-23 17:00:43,832  INFO        [NVDA] Fetching 2025-04-03 x 2025-06-20 ...
2026-03-23 17:00:45,369  INFO        [NVDA] Saved  60 rows -> NVDA/phase2/NVDA_2025-04-03_2025-06-20.csv
2026-03-23 17:00:45,370  INFO        [NVDA] Fetching 2025-04-03 x 2025-09-19 ...
2026-03-23 17:00:47,006  INFO        [NVDA] Saved  60 rows -> NVDA/phase2/NVDA_2025-04-03_2025-09-19.csv
2026-03-23 17:00:48,910  INFO        [AMZN] Fetching 2025-04-03 x 2025-04-11 ...
2026-03-23 17:00:50,285  INFO        [AMZN] Saved  60 rows -> AMZN/phase2/AMZN_2025-04-03_2025-04-11.csv
2026-03-23 17:00:50,286  INFO        [AMZN] Fetching 2025-04-03 x 2025-05-02 ...
2026-03-23 17:00:51,613  INFO        [AMZN] Saved  60 rows -> AMZN/phase2/AMZN_2025-04-03_2025-05-02.csv
2026-03-23 17:00:51,614  INFO        [AMZN] Fetching 2025-04-03 x 2025-06-20 ...
2026-03-23 17:00:52,945  INFO        [AMZN] Saved  60 rows -> AMZN/phase2/AMZN_2025-04-03_2025-06-20.csv
2026-03-23 17:00:52,946  INFO        [AMZN] Fetching 2025-04-03 x 2025-09-19 ...
2026-03-23 17:00:54,278  INFO        [AMZN] Saved  60 rows -> AMZN/phase2/AMZN_2025-04-03_2025-09-19.csv
2026-03-23 17:00:55,703  INFO        [PG] Fetching 2025-04-03 x 2025-04-11 ...
2026-03-23 17:00:57,040  INFO        [PG] Saved  60 rows -> PG/phase2/PG_2025-04-03_2025-04-11.csv
2026-03-23 17:00:57,043  INFO        [PG] Fetching 2025-04-03 x 2025-05-02 ...
2026-03-23 17:00:58,476  INFO        [PG] Saved  60 rows -> PG/phase2/PG_2025-04-03_2025-05-02.csv
2026-03-23 17:00:58,477  INFO        [PG] Fetching 2025-04-03 x 2025-06-20 ...
2026-03-23 17:00:59,702  INFO        [PG] Saved  60 rows -> PG/phase2/PG_2025-04-03_2025-06-20.csv
2026-03-23 17:00:59,703  INFO        [PG] Fetching 2025-04-03 x 2025-09-19 ...
2026-03-23 17:01:01,034  INFO        [PG] Saved  58 rows -> PG/phase2/PG_2025-04-03_2025-09-19.csv
2026-03-23 17:01:03,487  INFO        [CAT] Fetching 2025-04-03 x 2025-04-11 ...
2026-03-23 17:01:04,998  INFO        [CAT] Saved  60 rows -> CAT/phase2/CAT_2025-04-03_2025-04-11.csv
2026-03-23 17:01:04,999  INFO        [CAT] Fetching 2025-04-03 x 2025-05-02 ...
2026-03-23 17:01:06,362  INFO        [CAT] Saved  60 rows -> CAT/phase2/CAT_2025-04-03_2025-05-02.csv
2026-03-23 17:01:06,363  INFO        [CAT] Fetching 2025-04-03 x 2025-06-20 ...
2026-03-23 17:01:08,134  INFO        [CAT] Saved  60 rows -> CAT/phase2/CAT_2025-04-03_2025-06-20.csv
2026-03-23 17:01:08,135  INFO        [CAT] Fetching 2025-04-03 x 2025-09-19 ...
2026-03-23 17:01:09,431  INFO        [CAT] Saved  60 rows -> CAT/phase2/CAT_2025-04-03_2025-09-19.csv
2026-03-23 17:01:09,431  INFO      
[3/27] 2025-04-04
2026-03-23 17:01:11,029  INFO        [AAPL] Fetching 2025-04-04 x 2025-04-11 ...
2026-03-23 17:01:12,508  INFO        [AAPL] Saved  60 rows -> AAPL/phase2/AAPL_2025-04-04_2025-04-11.csv
2026-03-23 17:01:12,509  INFO        [AAPL] Fetching 2025-04-04 x 2025-05-02 ...
2026-03-23 17:01:13,888  INFO        [AAPL] Saved  60 rows -> AAPL/phase2/AAPL_2025-04-04_2025-05-02.csv
2026-03-23 17:01:13,889  INFO        [AAPL] Fetching 2025-04-04 x 2025-06-20 ...
2026-03-23 17:01:15,359  INFO        [AAPL] Saved  60 rows -> AAPL/phase2/AAPL_2025-04-04_2025-06-20.csv
2026-03-23 17:01:15,360  INFO        [AAPL] Fetching 2025-04-04 x 2025-09-19 ...
2026-03-23 17:01:16,817  INFO        [AAPL] Saved  60 rows -> AAPL/phase2/AAPL_2025-04-04_2025-09-19.csv
2026-03-23 17:01:19,262  INFO        [NVDA] Fetching 2025-04-04 x 2025-04-11 ...
2026-03-23 17:01:20,815  INFO        [NVDA] Saved  60 rows -> NVDA/phase2/NVDA_2025-04-04_2025-04-11.csv
2026-03-23 17:01:20,816  INFO        [NVDA] Fetching 2025-04-04 x 2025-05-02 ...
2026-03-23 17:01:22,138  INFO        [NVDA] Saved  60 rows -> NVDA/phase2/NVDA_2025-04-04_2025-05-02.csv
2026-03-23 17:01:22,139  INFO        [NVDA] Fetching 2025-04-04 x 2025-06-20 ...
2026-03-23 17:01:23,615  INFO        [NVDA] Saved  60 rows -> NVDA/phase2/NVDA_2025-04-04_2025-06-20.csv
2026-03-23 17:01:23,616  INFO        [NVDA] Fetching 2025-04-04 x 2025-09-19 ...
2026-03-23 17:01:24,996  INFO        [NVDA] Saved  60 rows -> NVDA/phase2/NVDA_2025-04-04_2025-09-19.csv
2026-03-23 17:01:26,906  INFO        [AMZN] Fetching 2025-04-04 x 2025-04-11 ...
2026-03-23 17:01:29,614  INFO        [AMZN] Saved  60 rows -> AMZN/phase2/AMZN_2025-04-04_2025-04-11.csv
2026-03-23 17:01:29,615  INFO        [AMZN] Fetching 2025-04-04 x 2025-05-02 ...
2026-03-23 17:01:30,928  INFO        [AMZN] Saved  60 rows -> AMZN/phase2/AMZN_2025-04-04_2025-05-02.csv
2026-03-23 17:01:30,929  INFO        [AMZN] Fetching 2025-04-04 x 2025-06-20 ...
2026-03-23 17:01:32,404  INFO        [AMZN] Saved  60 rows -> AMZN/phase2/AMZN_2025-04-04_2025-06-20.csv
2026-03-23 17:01:32,406  INFO        [AMZN] Fetching 2025-04-04 x 2025-09-19 ...
2026-03-23 17:01:33,954  INFO        [AMZN] Saved  60 rows -> AMZN/phase2/AMZN_2025-04-04_2025-09-19.csv
2026-03-23 17:01:35,542  INFO        [PG] Fetching 2025-04-04 x 2025-04-11 ...
2026-03-23 17:01:36,809  INFO        [PG] Saved  60 rows -> PG/phase2/PG_2025-04-04_2025-04-11.csv
2026-03-23 17:01:36,810  INFO        [PG] Fetching 2025-04-04 x 2025-05-02 ...
2026-03-23 17:01:38,130  INFO        [PG] Saved  60 rows -> PG/phase2/PG_2025-04-04_2025-05-02.csv
2026-03-23 17:01:38,131  INFO        [PG] Fetching 2025-04-04 x 2025-06-20 ...
2026-03-23 17:01:40,972  INFO        [PG] Saved  60 rows -> PG/phase2/PG_2025-04-04_2025-06-20.csv
2026-03-23 17:01:40,973  INFO        [PG] Fetching 2025-04-04 x 2025-09-19 ...
2026-03-23 17:01:42,330  INFO        [PG] Saved  58 rows -> PG/phase2/PG_2025-04-04_2025-09-19.csv
2026-03-23 17:01:43,915  INFO        [CAT] Fetching 2025-04-04 x 2025-04-11 ...
2026-03-23 17:01:45,894  INFO        [CAT] Saved  60 rows -> CAT/phase2/CAT_2025-04-04_2025-04-11.csv
2026-03-23 17:01:45,898  INFO        [CAT] Fetching 2025-04-04 x 2025-05-02 ...
2026-03-23 17:01:47,631  INFO        [CAT] Saved  60 rows -> CAT/phase2/CAT_2025-04-04_2025-05-02.csv
2026-03-23 17:01:47,632  INFO        [CAT] Fetching 2025-04-04 x 2025-06-20 ...
2026-03-23 17:01:49,490  INFO        [CAT] Saved  60 rows -> CAT/phase2/CAT_2025-04-04_2025-06-20.csv
2026-03-23 17:01:49,491  INFO        [CAT] Fetching 2025-04-04 x 2025-09-19 ...
2026-03-23 17:01:50,916  INFO        [CAT] Saved  60 rows -> CAT/phase2/CAT_2025-04-04_2025-09-19.csv
2026-03-23 17:01:50,916  INFO      
[4/27] 2025-04-07
2026-03-23 17:01:54,284  INFO        [AAPL] Fetching 2025-04-07 x 2025-04-11 ...
2026-03-23 17:01:55,924  INFO        [AAPL] Saved  60 rows -> AAPL/phase2/AAPL_2025-04-07_2025-04-11.csv
2026-03-23 17:01:55,925  INFO        [AAPL] Fetching 2025-04-07 x 2025-05-09 ...
2026-03-23 17:01:58,380  INFO        [AAPL] Saved  60 rows -> AAPL/phase2/AAPL_2025-04-07_2025-05-09.csv
2026-03-23 17:01:58,381  INFO        [AAPL] Fetching 2025-04-07 x 2025-07-18 ...
2026-03-23 17:02:00,328  INFO        [AAPL] Saved  60 rows -> AAPL/phase2/AAPL_2025-04-07_2025-07-18.csv
2026-03-23 17:02:00,329  INFO        [AAPL] Fetching 2025-04-07 x 2025-10-17 ...
2026-03-23 17:02:03,804  INFO        [AAPL] Saved  60 rows -> AAPL/phase2/AAPL_2025-04-07_2025-10-17.csv
2026-03-23 17:02:06,775  INFO        [NVDA] Fetching 2025-04-07 x 2025-04-11 ...
2026-03-23 17:02:08,237  INFO        [NVDA] Saved  60 rows -> NVDA/phase2/NVDA_2025-04-07_2025-04-11.csv
2026-03-23 17:02:08,239  INFO        [NVDA] Fetching 2025-04-07 x 2025-05-09 ...
2026-03-23 17:02:10,023  INFO        [NVDA] Saved  60 rows -> NVDA/phase2/NVDA_2025-04-07_2025-05-09.csv
2026-03-23 17:02:10,024  INFO        [NVDA] Fetching 2025-04-07 x 2025-07-18 ...
2026-03-23 17:02:11,684  INFO        [NVDA] Saved  60 rows -> NVDA/phase2/NVDA_2025-04-07_2025-07-18.csv
2026-03-23 17:02:11,689  INFO        [NVDA] Fetching 2025-04-07 x 2025-10-17 ...
2026-03-23 17:02:14,054  INFO        [NVDA] Saved  60 rows -> NVDA/phase2/NVDA_2025-04-07_2025-10-17.csv
2026-03-23 17:02:16,091  INFO        [AMZN] Fetching 2025-04-07 x 2025-04-11 ...
2026-03-23 17:02:18,037  INFO        [AMZN] Saved  60 rows -> AMZN/phase2/AMZN_2025-04-07_2025-04-11.csv
2026-03-23 17:02:18,038  INFO        [AMZN] Fetching 2025-04-07 x 2025-05-09 ...
2026-03-23 17:02:19,988  INFO        [AMZN] Saved  60 rows -> AMZN/phase2/AMZN_2025-04-07_2025-05-09.csv
2026-03-23 17:02:19,989  INFO        [AMZN] Fetching 2025-04-07 x 2025-07-18 ...
2026-03-23 17:02:22,754  INFO        [AMZN] Saved  60 rows -> AMZN/phase2/AMZN_2025-04-07_2025-07-18.csv
2026-03-23 17:02:22,755  INFO        [AMZN] Fetching 2025-04-07 x 2025-10-17 ...
2026-03-23 17:02:26,564  INFO        [AMZN] Saved  60 rows -> AMZN/phase2/AMZN_2025-04-07_2025-10-17.csv
2026-03-23 17:02:29,672  INFO        [PG] Fetching 2025-04-07 x 2025-04-11 ...
2026-03-23 17:02:32,492  INFO        [PG] Saved  60 rows -> PG/phase2/PG_2025-04-07_2025-04-11.csv
2026-03-23 17:02:32,494  INFO        [PG] Fetching 2025-04-07 x 2025-05-09 ...
2026-03-23 17:02:34,744  INFO        [PG] Saved  60 rows -> PG/phase2/PG_2025-04-07_2025-05-09.csv
2026-03-23 17:02:34,745  INFO        [PG] Fetching 2025-04-07 x 2025-07-18 ...
2026-03-23 17:02:36,790  INFO        [PG] Saved  58 rows -> PG/phase2/PG_2025-04-07_2025-07-18.csv
2026-03-23 17:02:36,793  INFO        [PG] Fetching 2025-04-07 x 2025-10-17 ...
2026-03-23 17:02:38,516  INFO        [PG] Saved  56 rows -> PG/phase2/PG_2025-04-07_2025-10-17.csv
2026-03-23 17:02:40,153  INFO        [CAT] Fetching 2025-04-07 x 2025-04-11 ...
2026-03-23 17:02:41,594  INFO        [CAT] Saved  60 rows -> CAT/phase2/CAT_2025-04-07_2025-04-11.csv
2026-03-23 17:02:41,595  INFO        [CAT] Fetching 2025-04-07 x 2025-05-09 ...
2026-03-23 17:02:43,024  INFO        [CAT] Saved  60 rows -> CAT/phase2/CAT_2025-04-07_2025-05-09.csv
2026-03-23 17:02:43,025  INFO        [CAT] Fetching 2025-04-07 x 2025-07-18 ...
2026-03-23 17:02:44,975  INFO        [CAT] Saved  60 rows -> CAT/phase2/CAT_2025-04-07_2025-07-18.csv
2026-03-23 17:02:44,976  INFO        [CAT] Fetching 2025-04-07 x 2025-09-19 ...
2026-03-23 17:02:46,836  INFO        [CAT] Saved  60 rows -> CAT/phase2/CAT_2025-04-07_2025-09-19.csv
2026-03-23 17:02:46,837  INFO      
[5/27] 2025-04-08
2026-03-23 17:02:49,577  INFO        [AAPL] Fetching 2025-04-08 x 2025-04-17 ...
2026-03-23 17:02:51,735  INFO        [AAPL] Saved  60 rows -> AAPL/phase2/AAPL_2025-04-08_2025-04-17.csv
2026-03-23 17:02:51,736  INFO        [AAPL] Fetching 2025-04-08 x 2025-05-09 ...
2026-03-23 17:02:53,878  INFO        [AAPL] Saved  60 rows -> AAPL/phase2/AAPL_2025-04-08_2025-05-09.csv
2026-03-23 17:02:53,879  INFO        [AAPL] Fetching 2025-04-08 x 2025-07-18 ...
2026-03-23 17:02:55,324  INFO        [AAPL] Saved  60 rows -> AAPL/phase2/AAPL_2025-04-08_2025-07-18.csv
2026-03-23 17:02:55,325  INFO        [AAPL] Fetching 2025-04-08 x 2025-10-17 ...
2026-03-23 17:02:57,170  INFO        [AAPL] Saved  60 rows -> AAPL/phase2/AAPL_2025-04-08_2025-10-17.csv
2026-03-23 17:03:00,242  INFO        [NVDA] Fetching 2025-04-08 x 2025-04-17 ...
2026-03-23 17:03:02,277  INFO        [NVDA] Saved  60 rows -> NVDA/phase2/NVDA_2025-04-08_2025-04-17.csv
2026-03-23 17:03:02,278  INFO        [NVDA] Fetching 2025-04-08 x 2025-05-09 ...
2026-03-23 17:03:03,707  INFO        [NVDA] Saved  60 rows -> NVDA/phase2/NVDA_2025-04-08_2025-05-09.csv
2026-03-23 17:03:03,708  INFO        [NVDA] Fetching 2025-04-08 x 2025-07-18 ...
2026-03-23 17:03:05,349  INFO        [NVDA] Saved  60 rows -> NVDA/phase2/NVDA_2025-04-08_2025-07-18.csv
2026-03-23 17:03:05,350  INFO        [NVDA] Fetching 2025-04-08 x 2025-10-17 ...
2026-03-23 17:03:07,119  INFO        [NVDA] Saved  60 rows -> NVDA/phase2/NVDA_2025-04-08_2025-10-17.csv
2026-03-23 17:03:08,833  INFO        [AMZN] Fetching 2025-04-08 x 2025-04-17 ...
2026-03-23 17:03:10,569  INFO        [AMZN] Saved  60 rows -> AMZN/phase2/AMZN_2025-04-08_2025-04-17.csv
2026-03-23 17:03:10,570  INFO        [AMZN] Fetching 2025-04-08 x 2025-05-09 ...
2026-03-23 17:03:12,033  INFO        [AMZN] Saved  60 rows -> AMZN/phase2/AMZN_2025-04-08_2025-05-09.csv
2026-03-23 17:03:12,034  INFO        [AMZN] Fetching 2025-04-08 x 2025-07-18 ...
2026-03-23 17:03:13,749  INFO        [AMZN] Saved  60 rows -> AMZN/phase2/AMZN_2025-04-08_2025-07-18.csv
2026-03-23 17:03:13,750  INFO        [AMZN] Fetching 2025-04-08 x 2025-10-17 ...
2026-03-23 17:03:15,920  INFO        [AMZN] Saved  60 rows -> AMZN/phase2/AMZN_2025-04-08_2025-10-17.csv
2026-03-23 17:03:17,491  INFO        [PG] Fetching 2025-04-08 x 2025-04-17 ...
2026-03-23 17:03:19,171  INFO        [PG] Saved  60 rows -> PG/phase2/PG_2025-04-08_2025-04-17.csv
2026-03-23 17:03:19,171  INFO        [PG] Fetching 2025-04-08 x 2025-05-09 ...
2026-03-23 17:03:20,600  INFO        [PG] Saved  60 rows -> PG/phase2/PG_2025-04-08_2025-05-09.csv
2026-03-23 17:03:20,601  INFO        [PG] Fetching 2025-04-08 x 2025-07-18 ...
2026-03-23 17:03:22,755  INFO        [PG] Saved  58 rows -> PG/phase2/PG_2025-04-08_2025-07-18.csv
2026-03-23 17:03:22,756  INFO        [PG] Fetching 2025-04-08 x 2025-10-17 ...
2026-03-23 17:03:24,393  INFO        [PG] Saved  56 rows -> PG/phase2/PG_2025-04-08_2025-10-17.csv
2026-03-23 17:03:26,336  INFO        [CAT] Fetching 2025-04-08 x 2025-04-17 ...
2026-03-23 17:03:27,774  INFO        [CAT] Saved  60 rows -> CAT/phase2/CAT_2025-04-08_2025-04-17.csv
2026-03-23 17:03:27,775  INFO        [CAT] Fetching 2025-04-08 x 2025-05-09 ...
2026-03-23 17:03:29,316  INFO        [CAT] Saved  60 rows -> CAT/phase2/CAT_2025-04-08_2025-05-09.csv
2026-03-23 17:03:29,317  INFO        [CAT] Fetching 2025-04-08 x 2025-07-18 ...
2026-03-23 17:03:31,465  INFO        [CAT] Saved  60 rows -> CAT/phase2/CAT_2025-04-08_2025-07-18.csv
2026-03-23 17:03:31,466  INFO        [CAT] Fetching 2025-04-08 x 2025-09-19 ...
2026-03-23 17:03:33,284  INFO        [CAT] Saved  60 rows -> CAT/phase2/CAT_2025-04-08_2025-09-19.csv
2026-03-23 17:03:33,285  INFO      
[6/27] 2025-04-09
2026-03-23 17:03:35,036  INFO        [AAPL] Fetching 2025-04-09 x 2025-04-17 ...
2026-03-23 17:03:36,475  INFO        [AAPL] Saved  60 rows -> AAPL/phase2/AAPL_2025-04-09_2025-04-17.csv
2026-03-23 17:03:36,476  INFO        [AAPL] Fetching 2025-04-09 x 2025-05-09 ...
2026-03-23 17:03:37,707  INFO        [AAPL] Saved  60 rows -> AAPL/phase2/AAPL_2025-04-09_2025-05-09.csv
2026-03-23 17:03:37,708  INFO        [AAPL] Fetching 2025-04-09 x 2025-07-18 ...
2026-03-23 17:03:39,496  INFO        [AAPL] Saved  60 rows -> AAPL/phase2/AAPL_2025-04-09_2025-07-18.csv
2026-03-23 17:03:39,496  INFO        [AAPL] Fetching 2025-04-09 x 2025-10-17 ...
2026-03-23 17:03:40,888  INFO        [AAPL] Saved  60 rows -> AAPL/phase2/AAPL_2025-04-09_2025-10-17.csv
2026-03-23 17:03:43,336  INFO        [NVDA] Fetching 2025-04-09 x 2025-04-17 ...
2026-03-23 17:03:45,305  INFO        [NVDA] Saved  60 rows -> NVDA/phase2/NVDA_2025-04-09_2025-04-17.csv
2026-03-23 17:03:45,306  INFO        [NVDA] Fetching 2025-04-09 x 2025-05-09 ...
2026-03-23 17:03:46,876  INFO        [NVDA] Saved  60 rows -> NVDA/phase2/NVDA_2025-04-09_2025-05-09.csv
2026-03-23 17:03:46,877  INFO        [NVDA] Fetching 2025-04-09 x 2025-07-18 ...
2026-03-23 17:03:48,948  INFO        [NVDA] Saved  60 rows -> NVDA/phase2/NVDA_2025-04-09_2025-07-18.csv
2026-03-23 17:03:48,949  INFO        [NVDA] Fetching 2025-04-09 x 2025-10-17 ...
2026-03-23 17:03:50,260  INFO        [NVDA] Saved  60 rows -> NVDA/phase2/NVDA_2025-04-09_2025-10-17.csv
2026-03-23 17:03:52,448  INFO        [AMZN] Fetching 2025-04-09 x 2025-04-17 ...
2026-03-23 17:03:54,297  INFO        [AMZN] Saved  60 rows -> AMZN/phase2/AMZN_2025-04-09_2025-04-17.csv
2026-03-23 17:03:54,298  INFO        [AMZN] Fetching 2025-04-09 x 2025-05-09 ...
2026-03-23 17:03:56,246  INFO        [AMZN] Saved  60 rows -> AMZN/phase2/AMZN_2025-04-09_2025-05-09.csv
2026-03-23 17:03:56,247  INFO        [AMZN] Fetching 2025-04-09 x 2025-07-18 ...
2026-03-23 17:03:57,983  INFO        [AMZN] Saved  60 rows -> AMZN/phase2/AMZN_2025-04-09_2025-07-18.csv
2026-03-23 17:03:57,984  INFO        [AMZN] Fetching 2025-04-09 x 2025-10-17 ...
2026-03-23 17:03:59,341  INFO        [AMZN] Saved  60 rows -> AMZN/phase2/AMZN_2025-04-09_2025-10-17.csv
2026-03-23 17:04:01,418  INFO        [PG] Fetching 2025-04-09 x 2025-04-17 ...
2026-03-23 17:04:03,520  INFO        [PG] Saved  60 rows -> PG/phase2/PG_2025-04-09_2025-04-17.csv
2026-03-23 17:04:03,522  INFO        [PG] Fetching 2025-04-09 x 2025-05-09 ...
2026-03-23 17:04:05,252  INFO        [PG] Saved  60 rows -> PG/phase2/PG_2025-04-09_2025-05-09.csv
2026-03-23 17:04:05,253  INFO        [PG] Fetching 2025-04-09 x 2025-07-18 ...
2026-03-23 17:04:06,785  INFO        [PG] Saved  58 rows -> PG/phase2/PG_2025-04-09_2025-07-18.csv
2026-03-23 17:04:06,786  INFO        [PG] Fetching 2025-04-09 x 2025-10-17 ...
2026-03-23 17:04:08,322  INFO        [PG] Saved  56 rows -> PG/phase2/PG_2025-04-09_2025-10-17.csv
2026-03-23 17:04:10,691  INFO        [CAT] Fetching 2025-04-09 x 2025-04-17 ...
2026-03-23 17:04:12,116  INFO        [CAT] Saved  60 rows -> CAT/phase2/CAT_2025-04-09_2025-04-17.csv
2026-03-23 17:04:12,117  INFO        [CAT] Fetching 2025-04-09 x 2025-05-09 ...
2026-03-23 17:04:13,650  INFO        [CAT] Saved  60 rows -> CAT/phase2/CAT_2025-04-09_2025-05-09.csv
2026-03-23 17:04:13,651  INFO        [CAT] Fetching 2025-04-09 x 2025-07-18 ...
2026-03-23 17:04:15,611  INFO        [CAT] Saved  60 rows -> CAT/phase2/CAT_2025-04-09_2025-07-18.csv
2026-03-23 17:04:15,612  INFO        [CAT] Fetching 2025-04-09 x 2025-09-19 ...
2026-03-23 17:04:18,015  INFO        [CAT] Saved  60 rows -> CAT/phase2/CAT_2025-04-09_2025-09-19.csv
2026-03-23 17:04:18,016  INFO      
[7/27] 2025-04-10
2026-03-23 17:04:20,408  INFO        [AAPL] Fetching 2025-04-10 x 2025-04-17 ...
2026-03-23 17:04:21,946  INFO        [AAPL] Saved  60 rows -> AAPL/phase2/AAPL_2025-04-10_2025-04-17.csv
2026-03-23 17:04:21,947  INFO        [AAPL] Fetching 2025-04-10 x 2025-05-09 ...
2026-03-23 17:04:23,495  INFO        [AAPL] Saved  60 rows -> AAPL/phase2/AAPL_2025-04-10_2025-05-09.csv
2026-03-23 17:04:23,496  INFO        [AAPL] Fetching 2025-04-10 x 2025-07-18 ...
2026-03-23 17:04:25,428  INFO        [AAPL] Saved  60 rows -> AAPL/phase2/AAPL_2025-04-10_2025-07-18.csv
2026-03-23 17:04:25,430  INFO        [AAPL] Fetching 2025-04-10 x 2025-10-17 ...
2026-03-23 17:04:26,871  INFO        [AAPL] Saved  60 rows -> AAPL/phase2/AAPL_2025-04-10_2025-10-17.csv
2026-03-23 17:04:29,412  INFO        [NVDA] Fetching 2025-04-10 x 2025-04-17 ...
2026-03-23 17:04:31,367  INFO        [NVDA] Saved  60 rows -> NVDA/phase2/NVDA_2025-04-10_2025-04-17.csv
2026-03-23 17:04:31,368  INFO        [NVDA] Fetching 2025-04-10 x 2025-05-09 ...
2026-03-23 17:04:32,796  INFO        [NVDA] Saved  60 rows -> NVDA/phase2/NVDA_2025-04-10_2025-05-09.csv
2026-03-23 17:04:32,796  INFO        [NVDA] Fetching 2025-04-10 x 2025-07-18 ...
2026-03-23 17:04:34,342  INFO        [NVDA] Saved  60 rows -> NVDA/phase2/NVDA_2025-04-10_2025-07-18.csv
2026-03-23 17:04:34,343  INFO        [NVDA] Fetching 2025-04-10 x 2025-10-17 ...
2026-03-23 17:04:35,692  INFO        [NVDA] Saved  60 rows -> NVDA/phase2/NVDA_2025-04-10_2025-10-17.csv
2026-03-23 17:04:37,507  INFO        [AMZN] Fetching 2025-04-10 x 2025-04-17 ...
2026-03-23 17:04:38,825  INFO        [AMZN] Saved  60 rows -> AMZN/phase2/AMZN_2025-04-10_2025-04-17.csv
2026-03-23 17:04:38,826  INFO        [AMZN] Fetching 2025-04-10 x 2025-05-09 ...
2026-03-23 17:04:40,283  INFO        [AMZN] Saved  60 rows -> AMZN/phase2/AMZN_2025-04-10_2025-05-09.csv
2026-03-23 17:04:40,283  INFO        [AMZN] Fetching 2025-04-10 x 2025-07-18 ...
2026-03-23 17:04:42,122  INFO        [AMZN] Saved  60 rows -> AMZN/phase2/AMZN_2025-04-10_2025-07-18.csv
2026-03-23 17:04:42,124  INFO        [AMZN] Fetching 2025-04-10 x 2025-10-17 ...
2026-03-23 17:04:44,590  INFO        [AMZN] Saved  60 rows -> AMZN/phase2/AMZN_2025-04-10_2025-10-17.csv
2026-03-23 17:04:46,519  INFO        [PG] Fetching 2025-04-10 x 2025-04-17 ...
2026-03-23 17:04:48,725  INFO        [PG] Saved  60 rows -> PG/phase2/PG_2025-04-10_2025-04-17.csv
2026-03-23 17:04:48,726  INFO        [PG] Fetching 2025-04-10 x 2025-05-09 ...
2026-03-23 17:04:50,718  INFO        [PG] Saved  60 rows -> PG/phase2/PG_2025-04-10_2025-05-09.csv
2026-03-23 17:04:50,719  INFO        [PG] Fetching 2025-04-10 x 2025-07-18 ...
2026-03-23 17:04:52,153  INFO        [PG] Saved  58 rows -> PG/phase2/PG_2025-04-10_2025-07-18.csv
2026-03-23 17:04:52,153  INFO        [PG] Fetching 2025-04-10 x 2025-10-17 ...
2026-03-23 17:04:53,463  INFO        [PG] Saved  56 rows -> PG/phase2/PG_2025-04-10_2025-10-17.csv
2026-03-23 17:04:55,324  INFO        [CAT] Fetching 2025-04-10 x 2025-04-17 ...
2026-03-23 17:04:56,761  INFO        [CAT] Saved  60 rows -> CAT/phase2/CAT_2025-04-10_2025-04-17.csv
2026-03-23 17:04:56,761  INFO        [CAT] Fetching 2025-04-10 x 2025-05-09 ...
2026-03-23 17:04:58,197  INFO        [CAT] Saved  60 rows -> CAT/phase2/CAT_2025-04-10_2025-05-09.csv
2026-03-23 17:04:58,197  INFO        [CAT] Fetching 2025-04-10 x 2025-07-18 ...
2026-03-23 17:04:59,864  INFO        [CAT] Saved  60 rows -> CAT/phase2/CAT_2025-04-10_2025-07-18.csv
2026-03-23 17:04:59,865  INFO        [CAT] Fetching 2025-04-10 x 2025-09-19 ...
2026-03-23 17:05:02,082  INFO        [CAT] Saved  60 rows -> CAT/phase2/CAT_2025-04-10_2025-09-19.csv
2026-03-23 17:05:02,083  INFO      
[8/27] 2025-04-11
2026-03-23 17:05:03,835  INFO        [AAPL] Fetching 2025-04-11 x 2025-04-17 ...
2026-03-23 17:05:05,667  INFO        [AAPL] Saved  60 rows -> AAPL/phase2/AAPL_2025-04-11_2025-04-17.csv
2026-03-23 17:05:05,667  INFO        [AAPL] Fetching 2025-04-11 x 2025-05-09 ...
2026-03-23 17:05:07,521  INFO        [AAPL] Saved  60 rows -> AAPL/phase2/AAPL_2025-04-11_2025-05-09.csv
2026-03-23 17:05:07,522  INFO        [AAPL] Fetching 2025-04-11 x 2025-07-18 ...
2026-03-23 17:05:08,959  INFO        [AAPL] Saved  60 rows -> AAPL/phase2/AAPL_2025-04-11_2025-07-18.csv
2026-03-23 17:05:08,961  INFO        [AAPL] Fetching 2025-04-11 x 2025-10-17 ...
2026-03-23 17:05:11,271  INFO        [AAPL] Saved  60 rows -> AAPL/phase2/AAPL_2025-04-11_2025-10-17.csv
2026-03-23 17:05:13,857  INFO        [NVDA] Fetching 2025-04-11 x 2025-04-17 ...
2026-03-23 17:05:15,574  INFO        [NVDA] Saved  60 rows -> NVDA/phase2/NVDA_2025-04-11_2025-04-17.csv
2026-03-23 17:05:15,575  INFO        [NVDA] Fetching 2025-04-11 x 2025-05-09 ...
2026-03-23 17:05:17,247  INFO        [NVDA] Saved  60 rows -> NVDA/phase2/NVDA_2025-04-11_2025-05-09.csv
2026-03-23 17:05:17,247  INFO        [NVDA] Fetching 2025-04-11 x 2025-07-18 ...
2026-03-23 17:05:19,289  INFO        [NVDA] Saved  60 rows -> NVDA/phase2/NVDA_2025-04-11_2025-07-18.csv
2026-03-23 17:05:19,290  INFO        [NVDA] Fetching 2025-04-11 x 2025-10-17 ...
2026-03-23 17:05:21,137  INFO        [NVDA] Saved  60 rows -> NVDA/phase2/NVDA_2025-04-11_2025-10-17.csv
2026-03-23 17:05:22,878  INFO        [AMZN] Fetching 2025-04-11 x 2025-04-17 ...
2026-03-23 17:05:24,198  INFO        [AMZN] Saved  60 rows -> AMZN/phase2/AMZN_2025-04-11_2025-04-17.csv
2026-03-23 17:05:24,199  INFO        [AMZN] Fetching 2025-04-11 x 2025-05-09 ...
2026-03-23 17:05:25,941  INFO        [AMZN] Saved  60 rows -> AMZN/phase2/AMZN_2025-04-11_2025-05-09.csv
2026-03-23 17:05:25,942  INFO        [AMZN] Fetching 2025-04-11 x 2025-07-18 ...
2026-03-23 17:05:27,865  INFO        [AMZN] Saved  60 rows -> AMZN/phase2/AMZN_2025-04-11_2025-07-18.csv
2026-03-23 17:05:27,866  INFO        [AMZN] Fetching 2025-04-11 x 2025-10-17 ...
2026-03-23 17:05:29,329  INFO        [AMZN] Saved  60 rows -> AMZN/phase2/AMZN_2025-04-11_2025-10-17.csv
2026-03-23 17:05:30,957  INFO        [PG] Fetching 2025-04-11 x 2025-04-17 ...
2026-03-23 17:05:32,432  INFO        [PG] Saved  60 rows -> PG/phase2/PG_2025-04-11_2025-04-17.csv
2026-03-23 17:05:32,433  INFO        [PG] Fetching 2025-04-11 x 2025-05-09 ...
2026-03-23 17:05:34,548  INFO        [PG] Saved  60 rows -> PG/phase2/PG_2025-04-11_2025-05-09.csv
2026-03-23 17:05:34,550  INFO        [PG] Fetching 2025-04-11 x 2025-07-18 ...
2026-03-23 17:05:35,986  INFO        [PG] Saved  58 rows -> PG/phase2/PG_2025-04-11_2025-07-18.csv
2026-03-23 17:05:35,987  INFO        [PG] Fetching 2025-04-11 x 2025-10-17 ...
2026-03-23 17:05:37,411  INFO        [PG] Saved  56 rows -> PG/phase2/PG_2025-04-11_2025-10-17.csv
2026-03-23 17:05:39,867  INFO        [CAT] Fetching 2025-04-11 x 2025-04-17 ...
2026-03-23 17:05:41,304  INFO        [CAT] Saved  60 rows -> CAT/phase2/CAT_2025-04-11_2025-04-17.csv
2026-03-23 17:05:41,305  INFO        [CAT] Fetching 2025-04-11 x 2025-05-09 ...
2026-03-23 17:05:42,942  INFO        [CAT] Saved  60 rows -> CAT/phase2/CAT_2025-04-11_2025-05-09.csv
2026-03-23 17:05:42,943  INFO        [CAT] Fetching 2025-04-11 x 2025-07-18 ...
2026-03-23 17:05:44,350  INFO        [CAT] Saved  60 rows -> CAT/phase2/CAT_2025-04-11_2025-07-18.csv
2026-03-23 17:05:44,351  INFO        [CAT] Fetching 2025-04-11 x 2025-09-19 ...
2026-03-23 17:05:46,528  INFO        [CAT] Saved  60 rows -> CAT/phase2/CAT_2025-04-11_2025-09-19.csv
2026-03-23 17:05:46,528  INFO      
[9/27] 2025-04-14
2026-03-23 17:05:48,367  INFO        [AAPL] Fetching 2025-04-14 x 2025-04-17 ...
2026-03-23 17:05:49,871  INFO        [AAPL] Saved  60 rows -> AAPL/phase2/AAPL_2025-04-14_2025-04-17.csv
2026-03-23 17:05:49,872  INFO        [AAPL] Fetching 2025-04-14 x 2025-05-16 ...
2026-03-23 17:05:51,304  INFO        [AAPL] Saved  60 rows -> AAPL/phase2/AAPL_2025-04-14_2025-05-16.csv
2026-03-23 17:05:51,305  INFO        [AAPL] Fetching 2025-04-14 x 2025-07-18 ...
2026-03-23 17:05:53,018  INFO        [AAPL] Saved  60 rows -> AAPL/phase2/AAPL_2025-04-14_2025-07-18.csv
2026-03-23 17:05:53,019  INFO        [AAPL] Fetching 2025-04-14 x 2025-10-17 ...
2026-03-23 17:05:54,315  INFO        [AAPL] Saved  60 rows -> AAPL/phase2/AAPL_2025-04-14_2025-10-17.csv
2026-03-23 17:05:56,968  INFO        [NVDA] Fetching 2025-04-14 x 2025-04-17 ...
2026-03-23 17:05:58,313  INFO        [NVDA] Saved  60 rows -> NVDA/phase2/NVDA_2025-04-14_2025-04-17.csv
2026-03-23 17:05:58,314  INFO        [NVDA] Fetching 2025-04-14 x 2025-05-16 ...
2026-03-23 17:05:59,779  INFO        [NVDA] Saved  60 rows -> NVDA/phase2/NVDA_2025-04-14_2025-05-16.csv
2026-03-23 17:05:59,780  INFO        [NVDA] Fetching 2025-04-14 x 2025-07-18 ...
2026-03-23 17:06:01,682  INFO        [NVDA] Saved  60 rows -> NVDA/phase2/NVDA_2025-04-14_2025-07-18.csv
2026-03-23 17:06:01,683  INFO        [NVDA] Fetching 2025-04-14 x 2025-10-17 ...
2026-03-23 17:06:03,630  INFO        [NVDA] Saved  60 rows -> NVDA/phase2/NVDA_2025-04-14_2025-10-17.csv
2026-03-23 17:06:05,821  INFO        [AMZN] Fetching 2025-04-14 x 2025-04-17 ...
2026-03-23 17:06:07,625  INFO        [AMZN] Saved  60 rows -> AMZN/phase2/AMZN_2025-04-14_2025-04-17.csv
2026-03-23 17:06:07,626  INFO        [AMZN] Fetching 2025-04-14 x 2025-05-16 ...
2026-03-23 17:06:09,064  INFO        [AMZN] Saved  60 rows -> AMZN/phase2/AMZN_2025-04-14_2025-05-16.csv
2026-03-23 17:06:09,065  INFO        [AMZN] Fetching 2025-04-14 x 2025-07-18 ...
2026-03-23 17:06:10,497  INFO        [AMZN] Saved  60 rows -> AMZN/phase2/AMZN_2025-04-14_2025-07-18.csv
2026-03-23 17:06:10,498  INFO        [AMZN] Fetching 2025-04-14 x 2025-10-17 ...
2026-03-23 17:06:11,836  INFO        [AMZN] Saved  60 rows -> AMZN/phase2/AMZN_2025-04-14_2025-10-17.csv
2026-03-23 17:06:13,659  INFO        [PG] Fetching 2025-04-14 x 2025-04-17 ...
2026-03-23 17:06:14,891  INFO        [PG] Saved  60 rows -> PG/phase2/PG_2025-04-14_2025-04-17.csv
2026-03-23 17:06:14,891  INFO        [PG] Fetching 2025-04-14 x 2025-05-16 ...
2026-03-23 17:06:16,223  INFO        [PG] Saved  58 rows -> PG/phase2/PG_2025-04-14_2025-05-16.csv
2026-03-23 17:06:16,224  INFO        [PG] Fetching 2025-04-14 x 2025-07-18 ...
2026-03-23 17:06:18,168  INFO        [PG] Saved  58 rows -> PG/phase2/PG_2025-04-14_2025-07-18.csv
2026-03-23 17:06:18,169  INFO        [PG] Fetching 2025-04-14 x 2025-10-17 ...
2026-03-23 17:06:19,412  INFO        [PG] Saved  56 rows -> PG/phase2/PG_2025-04-14_2025-10-17.csv
2026-03-23 17:06:21,253  INFO        [CAT] Fetching 2025-04-14 x 2025-04-17 ...
2026-03-23 17:06:22,778  INFO        [CAT] Saved  60 rows -> CAT/phase2/CAT_2025-04-14_2025-04-17.csv
2026-03-23 17:06:22,778  INFO        [CAT] Fetching 2025-04-14 x 2025-05-16 ...
2026-03-23 17:06:24,172  INFO        [CAT] Saved  60 rows -> CAT/phase2/CAT_2025-04-14_2025-05-16.csv
2026-03-23 17:06:24,173  INFO        [CAT] Fetching 2025-04-14 x 2025-07-18 ...
2026-03-23 17:06:25,536  INFO        [CAT] Saved  60 rows -> CAT/phase2/CAT_2025-04-14_2025-07-18.csv
2026-03-23 17:06:25,536  INFO        [CAT] Fetching 2025-04-14 x 2025-09-19 ...
2026-03-23 17:06:26,870  INFO        [CAT] Saved  60 rows -> CAT/phase2/CAT_2025-04-14_2025-09-19.csv
2026-03-23 17:06:26,870  INFO      
[10/27] 2025-04-15
2026-03-23 17:06:28,981  INFO        [AAPL] Fetching 2025-04-15 x 2025-04-25 ...
2026-03-23 17:06:30,663  INFO        [AAPL] Saved  60 rows -> AAPL/phase2/AAPL_2025-04-15_2025-04-25.csv
2026-03-23 17:06:30,664  INFO        [AAPL] Fetching 2025-04-15 x 2025-05-16 ...
2026-03-23 17:06:32,503  INFO        [AAPL] Saved  60 rows -> AAPL/phase2/AAPL_2025-04-15_2025-05-16.csv
2026-03-23 17:06:32,504  INFO        [AAPL] Fetching 2025-04-15 x 2025-07-18 ...
2026-03-23 17:06:34,277  INFO        [AAPL] Saved  60 rows -> AAPL/phase2/AAPL_2025-04-15_2025-07-18.csv
2026-03-23 17:06:34,278  INFO        [AAPL] Fetching 2025-04-15 x 2025-10-17 ...
2026-03-23 17:06:35,548  INFO        [AAPL] Saved  60 rows -> AAPL/phase2/AAPL_2025-04-15_2025-10-17.csv
2026-03-23 17:06:38,025  INFO        [NVDA] Fetching 2025-04-15 x 2025-04-25 ...
2026-03-23 17:06:39,473  INFO        [NVDA] Saved  60 rows -> NVDA/phase2/NVDA_2025-04-15_2025-04-25.csv
2026-03-23 17:06:39,474  INFO        [NVDA] Fetching 2025-04-15 x 2025-05-16 ...
2026-03-23 17:06:41,225  INFO        [NVDA] Saved  60 rows -> NVDA/phase2/NVDA_2025-04-15_2025-05-16.csv
2026-03-23 17:06:41,226  INFO        [NVDA] Fetching 2025-04-15 x 2025-07-18 ...
2026-03-23 17:06:43,261  INFO        [NVDA] Saved  60 rows -> NVDA/phase2/NVDA_2025-04-15_2025-07-18.csv
2026-03-23 17:06:43,261  INFO        [NVDA] Fetching 2025-04-15 x 2025-10-17 ...
2026-03-23 17:06:44,782  INFO        [NVDA] Saved  60 rows -> NVDA/phase2/NVDA_2025-04-15_2025-10-17.csv
2026-03-23 17:06:46,867  INFO        [AMZN] Fetching 2025-04-15 x 2025-04-25 ...
2026-03-23 17:06:48,454  INFO        [AMZN] Saved  60 rows -> AMZN/phase2/AMZN_2025-04-15_2025-04-25.csv
2026-03-23 17:06:48,455  INFO        [AMZN] Fetching 2025-04-15 x 2025-05-16 ...
2026-03-23 17:06:49,986  INFO        [AMZN] Saved  60 rows -> AMZN/phase2/AMZN_2025-04-15_2025-05-16.csv
2026-03-23 17:06:49,987  INFO        [AMZN] Fetching 2025-04-15 x 2025-07-18 ...
2026-03-23 17:06:51,886  INFO        [AMZN] Saved  60 rows -> AMZN/phase2/AMZN_2025-04-15_2025-07-18.csv
2026-03-23 17:06:51,887  INFO        [AMZN] Fetching 2025-04-15 x 2025-10-17 ...
2026-03-23 17:06:53,400  INFO        [AMZN] Saved  60 rows -> AMZN/phase2/AMZN_2025-04-15_2025-10-17.csv
2026-03-23 17:06:55,540  INFO        [PG] Fetching 2025-04-15 x 2025-04-25 ...
2026-03-23 17:06:57,599  INFO        [PG] Saved  60 rows -> PG/phase2/PG_2025-04-15_2025-04-25.csv
2026-03-23 17:06:57,600  INFO        [PG] Fetching 2025-04-15 x 2025-05-16 ...
2026-03-23 17:06:59,766  INFO        [PG] Saved  58 rows -> PG/phase2/PG_2025-04-15_2025-05-16.csv
2026-03-23 17:06:59,767  INFO        [PG] Fetching 2025-04-15 x 2025-07-18 ...
2026-03-23 17:07:01,582  INFO        [PG] Saved  58 rows -> PG/phase2/PG_2025-04-15_2025-07-18.csv
2026-03-23 17:07:01,583  INFO        [PG] Fetching 2025-04-15 x 2025-10-17 ...
2026-03-23 17:07:03,017  INFO        [PG] Saved  58 rows -> PG/phase2/PG_2025-04-15_2025-10-17.csv
2026-03-23 17:07:05,094  INFO        [CAT] Fetching 2025-04-15 x 2025-04-25 ...
2026-03-23 17:07:06,500  INFO        [CAT] Saved  60 rows -> CAT/phase2/CAT_2025-04-15_2025-04-25.csv
2026-03-23 17:07:06,501  INFO        [CAT] Fetching 2025-04-15 x 2025-05-16 ...
2026-03-23 17:07:08,037  INFO        [CAT] Saved  60 rows -> CAT/phase2/CAT_2025-04-15_2025-05-16.csv
2026-03-23 17:07:08,038  INFO        [CAT] Fetching 2025-04-15 x 2025-07-18 ...
2026-03-23 17:07:09,406  INFO        [CAT] Saved  60 rows -> CAT/phase2/CAT_2025-04-15_2025-07-18.csv
2026-03-23 17:07:09,407  INFO        [CAT] Fetching 2025-04-15 x 2025-09-19 ...
2026-03-23 17:07:10,905  INFO        [CAT] Saved  60 rows -> CAT/phase2/CAT_2025-04-15_2025-09-19.csv
2026-03-23 17:07:10,906  INFO      
[11/27] 2025-04-16
2026-03-23 17:07:13,460  INFO        [AAPL] Fetching 2025-04-16 x 2025-04-25 ...
2026-03-23 17:07:15,219  INFO        [AAPL] Saved  60 rows -> AAPL/phase2/AAPL_2025-04-16_2025-04-25.csv
2026-03-23 17:07:15,220  INFO        [AAPL] Fetching 2025-04-16 x 2025-05-16 ...
2026-03-23 17:07:16,536  INFO        [AAPL] Saved  60 rows -> AAPL/phase2/AAPL_2025-04-16_2025-05-16.csv
2026-03-23 17:07:16,537  INFO        [AAPL] Fetching 2025-04-16 x 2025-07-18 ...
2026-03-23 17:07:17,967  INFO        [AAPL] Saved  60 rows -> AAPL/phase2/AAPL_2025-04-16_2025-07-18.csv
2026-03-23 17:07:17,968  INFO        [AAPL] Fetching 2025-04-16 x 2025-10-17 ...
2026-03-23 17:07:19,812  INFO        [AAPL] Saved  60 rows -> AAPL/phase2/AAPL_2025-04-16_2025-10-17.csv
2026-03-23 17:07:22,619  INFO        [NVDA] Fetching 2025-04-16 x 2025-04-25 ...
2026-03-23 17:07:24,528  INFO        [NVDA] Saved  60 rows -> NVDA/phase2/NVDA_2025-04-16_2025-04-25.csv
2026-03-23 17:07:24,529  INFO        [NVDA] Fetching 2025-04-16 x 2025-05-16 ...
2026-03-23 17:07:26,296  INFO        [NVDA] Saved  60 rows -> NVDA/phase2/NVDA_2025-04-16_2025-05-16.csv
2026-03-23 17:07:26,296  INFO        [NVDA] Fetching 2025-04-16 x 2025-07-18 ...
2026-03-23 17:07:27,706  INFO        [NVDA] Saved  60 rows -> NVDA/phase2/NVDA_2025-04-16_2025-07-18.csv
2026-03-23 17:07:27,707  INFO        [NVDA] Fetching 2025-04-16 x 2025-10-17 ...
2026-03-23 17:07:29,233  INFO        [NVDA] Saved  60 rows -> NVDA/phase2/NVDA_2025-04-16_2025-10-17.csv
2026-03-23 17:07:31,584  INFO        [AMZN] Fetching 2025-04-16 x 2025-04-25 ...
2026-03-23 17:07:33,436  INFO        [AMZN] Saved  60 rows -> AMZN/phase2/AMZN_2025-04-16_2025-04-25.csv
2026-03-23 17:07:33,437  INFO        [AMZN] Fetching 2025-04-16 x 2025-05-16 ...
2026-03-23 17:07:34,863  INFO        [AMZN] Saved  60 rows -> AMZN/phase2/AMZN_2025-04-16_2025-05-16.csv
2026-03-23 17:07:34,864  INFO        [AMZN] Fetching 2025-04-16 x 2025-07-18 ...
2026-03-23 17:07:36,200  INFO        [AMZN] Saved  60 rows -> AMZN/phase2/AMZN_2025-04-16_2025-07-18.csv
2026-03-23 17:07:36,201  INFO        [AMZN] Fetching 2025-04-16 x 2025-10-17 ...
2026-03-23 17:07:37,527  INFO        [AMZN] Saved  60 rows -> AMZN/phase2/AMZN_2025-04-16_2025-10-17.csv
2026-03-23 17:07:39,542  INFO        [PG] Fetching 2025-04-16 x 2025-04-25 ...
2026-03-23 17:07:40,907  INFO        [PG] Saved  60 rows -> PG/phase2/PG_2025-04-16_2025-04-25.csv
2026-03-23 17:07:40,908  INFO        [PG] Fetching 2025-04-16 x 2025-05-16 ...
2026-03-23 17:07:42,352  INFO        [PG] Saved  58 rows -> PG/phase2/PG_2025-04-16_2025-05-16.csv
2026-03-23 17:07:42,353  INFO        [PG] Fetching 2025-04-16 x 2025-07-18 ...
2026-03-23 17:07:43,875  INFO        [PG] Saved  58 rows -> PG/phase2/PG_2025-04-16_2025-07-18.csv
2026-03-23 17:07:43,875  INFO        [PG] Fetching 2025-04-16 x 2025-10-17 ...
2026-03-23 17:07:45,311  INFO        [PG] Saved  58 rows -> PG/phase2/PG_2025-04-16_2025-10-17.csv
2026-03-23 17:07:46,831  INFO        [CAT] Fetching 2025-04-16 x 2025-04-25 ...
2026-03-23 17:07:48,943  INFO        [CAT] Saved  60 rows -> CAT/phase2/CAT_2025-04-16_2025-04-25.csv
2026-03-23 17:07:48,944  INFO        [CAT] Fetching 2025-04-16 x 2025-05-16 ...
2026-03-23 17:07:50,426  INFO        [CAT] Saved  60 rows -> CAT/phase2/CAT_2025-04-16_2025-05-16.csv
2026-03-23 17:07:50,426  INFO        [CAT] Fetching 2025-04-16 x 2025-07-18 ...
2026-03-23 17:07:51,881  INFO        [CAT] Saved  60 rows -> CAT/phase2/CAT_2025-04-16_2025-07-18.csv
2026-03-23 17:07:51,882  INFO        [CAT] Fetching 2025-04-16 x 2025-09-19 ...
2026-03-23 17:07:53,610  INFO        [CAT] Saved  60 rows -> CAT/phase2/CAT_2025-04-16_2025-09-19.csv
2026-03-23 17:07:53,611  INFO      
[12/27] 2025-04-17
2026-03-23 17:07:55,340  INFO        [AAPL] Fetching 2025-04-17 x 2025-04-25 ...
2026-03-23 17:07:56,784  INFO        [AAPL] Saved  60 rows -> AAPL/phase2/AAPL_2025-04-17_2025-04-25.csv
2026-03-23 17:07:56,785  INFO        [AAPL] Fetching 2025-04-17 x 2025-05-16 ...
2026-03-23 17:07:58,518  INFO        [AAPL] Saved  60 rows -> AAPL/phase2/AAPL_2025-04-17_2025-05-16.csv
2026-03-23 17:07:58,519  INFO        [AAPL] Fetching 2025-04-17 x 2025-07-18 ...
2026-03-23 17:08:00,447  INFO        [AAPL] Saved  60 rows -> AAPL/phase2/AAPL_2025-04-17_2025-07-18.csv
2026-03-23 17:08:00,448  INFO        [AAPL] Fetching 2025-04-17 x 2025-10-17 ...
2026-03-23 17:08:01,691  INFO        [AAPL] Saved  60 rows -> AAPL/phase2/AAPL_2025-04-17_2025-10-17.csv
2026-03-23 17:08:04,003  INFO        [NVDA] Fetching 2025-04-17 x 2025-04-25 ...
2026-03-23 17:08:05,790  INFO        [NVDA] Saved  60 rows -> NVDA/phase2/NVDA_2025-04-17_2025-04-25.csv
2026-03-23 17:08:05,791  INFO        [NVDA] Fetching 2025-04-17 x 2025-05-16 ...
2026-03-23 17:08:07,014  INFO        [NVDA] Saved  60 rows -> NVDA/phase2/NVDA_2025-04-17_2025-05-16.csv
2026-03-23 17:08:07,015  INFO        [NVDA] Fetching 2025-04-17 x 2025-07-18 ...
2026-03-23 17:08:08,346  INFO        [NVDA] Saved  60 rows -> NVDA/phase2/NVDA_2025-04-17_2025-07-18.csv
2026-03-23 17:08:08,347  INFO        [NVDA] Fetching 2025-04-17 x 2025-10-17 ...
2026-03-23 17:08:09,687  INFO        [NVDA] Saved  60 rows -> NVDA/phase2/NVDA_2025-04-17_2025-10-17.csv
2026-03-23 17:08:11,393  INFO        [AMZN] Fetching 2025-04-17 x 2025-04-25 ...
2026-03-23 17:08:13,138  INFO        [AMZN] Saved  60 rows -> AMZN/phase2/AMZN_2025-04-17_2025-04-25.csv
2026-03-23 17:08:13,152  INFO        [AMZN] Fetching 2025-04-17 x 2025-05-16 ...
2026-03-23 17:08:14,763  INFO        [AMZN] Saved  60 rows -> AMZN/phase2/AMZN_2025-04-17_2025-05-16.csv
2026-03-23 17:08:14,764  INFO        [AMZN] Fetching 2025-04-17 x 2025-07-18 ...
2026-03-23 17:08:16,853  INFO        [AMZN] Saved  60 rows -> AMZN/phase2/AMZN_2025-04-17_2025-07-18.csv
2026-03-23 17:08:16,853  INFO        [AMZN] Fetching 2025-04-17 x 2025-10-17 ...
2026-03-23 17:08:18,716  INFO        [AMZN] Saved  60 rows -> AMZN/phase2/AMZN_2025-04-17_2025-10-17.csv
2026-03-23 17:08:20,234  INFO        [PG] Fetching 2025-04-17 x 2025-04-25 ...
2026-03-23 17:08:22,858  INFO        [PG] Saved  60 rows -> PG/phase2/PG_2025-04-17_2025-04-25.csv
2026-03-23 17:08:22,859  INFO        [PG] Fetching 2025-04-17 x 2025-05-16 ...
2026-03-23 17:08:24,937  INFO        [PG] Saved  58 rows -> PG/phase2/PG_2025-04-17_2025-05-16.csv
2026-03-23 17:08:24,938  INFO        [PG] Fetching 2025-04-17 x 2025-07-18 ...
2026-03-23 17:08:26,289  INFO        [PG] Saved  58 rows -> PG/phase2/PG_2025-04-17_2025-07-18.csv
2026-03-23 17:08:26,290  INFO        [PG] Fetching 2025-04-17 x 2025-10-17 ...
2026-03-23 17:08:28,126  INFO        [PG] Saved  58 rows -> PG/phase2/PG_2025-04-17_2025-10-17.csv
2026-03-23 17:08:30,050  INFO        [CAT] Fetching 2025-04-17 x 2025-04-25 ...
2026-03-23 17:08:31,537  INFO        [CAT] Saved  60 rows -> CAT/phase2/CAT_2025-04-17_2025-04-25.csv
2026-03-23 17:08:31,538  INFO        [CAT] Fetching 2025-04-17 x 2025-05-16 ...
2026-03-23 17:08:32,849  INFO        [CAT] Saved  60 rows -> CAT/phase2/CAT_2025-04-17_2025-05-16.csv
2026-03-23 17:08:32,851  INFO        [CAT] Fetching 2025-04-17 x 2025-07-18 ...
2026-03-23 17:08:34,461  INFO        [CAT] Saved  60 rows -> CAT/phase2/CAT_2025-04-17_2025-07-18.csv
2026-03-23 17:08:34,462  INFO        [CAT] Fetching 2025-04-17 x 2025-09-19 ...
2026-03-23 17:08:35,923  INFO        [CAT] Saved  60 rows -> CAT/phase2/CAT_2025-04-17_2025-09-19.csv
2026-03-23 17:08:35,923  INFO      
[13/27] 2025-04-21
2026-03-23 17:08:38,450  INFO        [AAPL] Fetching 2025-04-21 x 2025-04-25 ...
2026-03-23 17:08:39,668  INFO        [AAPL] Saved  60 rows -> AAPL/phase2/AAPL_2025-04-21_2025-04-25.csv
2026-03-23 17:08:39,669  INFO        [AAPL] Fetching 2025-04-21 x 2025-05-23 ...
2026-03-23 17:08:41,508  INFO        [AAPL] Saved  60 rows -> AAPL/phase2/AAPL_2025-04-21_2025-05-23.csv
2026-03-23 17:08:41,509  INFO        [AAPL] Fetching 2025-04-21 x 2025-07-18 ...
2026-03-23 17:08:43,374  INFO        [AAPL] Saved  60 rows -> AAPL/phase2/AAPL_2025-04-21_2025-07-18.csv
2026-03-23 17:08:43,375  INFO        [AAPL] Fetching 2025-04-21 x 2025-10-17 ...
2026-03-23 17:08:45,387  INFO        [AAPL] Saved  60 rows -> AAPL/phase2/AAPL_2025-04-21_2025-10-17.csv
2026-03-23 17:08:47,776  INFO        [NVDA] Fetching 2025-04-21 x 2025-04-25 ...
2026-03-23 17:08:49,072  INFO        [NVDA] Saved  60 rows -> NVDA/phase2/NVDA_2025-04-21_2025-04-25.csv
2026-03-23 17:08:49,072  INFO        [NVDA] Fetching 2025-04-21 x 2025-05-23 ...
2026-03-23 17:08:50,541  INFO        [NVDA] Saved  60 rows -> NVDA/phase2/NVDA_2025-04-21_2025-05-23.csv
2026-03-23 17:08:50,542  INFO        [NVDA] Fetching 2025-04-21 x 2025-07-18 ...
2026-03-23 17:08:51,872  INFO        [NVDA] Saved  60 rows -> NVDA/phase2/NVDA_2025-04-21_2025-07-18.csv
2026-03-23 17:08:51,873  INFO        [NVDA] Fetching 2025-04-21 x 2025-10-17 ...
2026-03-23 17:08:53,778  INFO        [NVDA] Saved  60 rows -> NVDA/phase2/NVDA_2025-04-21_2025-10-17.csv
2026-03-23 17:08:55,855  INFO        [AMZN] Fetching 2025-04-21 x 2025-04-25 ...
2026-03-23 17:08:57,134  INFO        [AMZN] Saved  60 rows -> AMZN/phase2/AMZN_2025-04-21_2025-04-25.csv
2026-03-23 17:08:57,135  INFO        [AMZN] Fetching 2025-04-21 x 2025-05-23 ...
2026-03-23 17:08:58,637  INFO        [AMZN] Saved  60 rows -> AMZN/phase2/AMZN_2025-04-21_2025-05-23.csv
2026-03-23 17:08:58,638  INFO        [AMZN] Fetching 2025-04-21 x 2025-07-18 ...
2026-03-23 17:08:59,964  INFO        [AMZN] Saved  60 rows -> AMZN/phase2/AMZN_2025-04-21_2025-07-18.csv
2026-03-23 17:08:59,965  INFO        [AMZN] Fetching 2025-04-21 x 2025-10-17 ...
2026-03-23 17:09:01,355  INFO        [AMZN] Saved  60 rows -> AMZN/phase2/AMZN_2025-04-21_2025-10-17.csv
2026-03-23 17:09:03,759  INFO        [PG] Fetching 2025-04-21 x 2025-04-25 ...
2026-03-23 17:09:05,242  INFO        [PG] Saved  60 rows -> PG/phase2/PG_2025-04-21_2025-04-25.csv
2026-03-23 17:09:05,243  INFO        [PG] Fetching 2025-04-21 x 2025-05-23 ...
2026-03-23 17:09:06,829  INFO        [PG] Saved  60 rows -> PG/phase2/PG_2025-04-21_2025-05-23.csv
2026-03-23 17:09:06,830  INFO        [PG] Fetching 2025-04-21 x 2025-07-18 ...
2026-03-23 17:09:08,866  INFO        [PG] Saved  58 rows -> PG/phase2/PG_2025-04-21_2025-07-18.csv
2026-03-23 17:09:08,868  INFO        [PG] Fetching 2025-04-21 x 2025-10-17 ...
2026-03-23 17:09:10,198  INFO        [PG] Saved  58 rows -> PG/phase2/PG_2025-04-21_2025-10-17.csv
2026-03-23 17:09:11,826  INFO        [CAT] Fetching 2025-04-21 x 2025-04-25 ...
2026-03-23 17:09:13,291  INFO        [CAT] Saved  60 rows -> CAT/phase2/CAT_2025-04-21_2025-04-25.csv
2026-03-23 17:09:13,292  INFO        [CAT] Fetching 2025-04-21 x 2025-05-23 ...
2026-03-23 17:09:15,743  INFO        [CAT] Saved  60 rows -> CAT/phase2/CAT_2025-04-21_2025-05-23.csv
2026-03-23 17:09:15,744  INFO        [CAT] Fetching 2025-04-21 x 2025-07-18 ...
2026-03-23 17:09:17,774  INFO        [CAT] Saved  60 rows -> CAT/phase2/CAT_2025-04-21_2025-07-18.csv
2026-03-23 17:09:17,775  INFO        [CAT] Fetching 2025-04-21 x 2025-09-19 ...
2026-03-23 17:09:19,194  INFO        [CAT] Saved  60 rows -> CAT/phase2/CAT_2025-04-21_2025-09-19.csv
2026-03-23 17:09:19,194  INFO      
[14/27] 2025-04-22
2026-03-23 17:09:21,350  INFO        [AAPL] Fetching 2025-04-22 x 2025-05-02 ...
2026-03-23 17:09:23,406  INFO        [AAPL] Saved  60 rows -> AAPL/phase2/AAPL_2025-04-22_2025-05-02.csv
2026-03-23 17:09:23,407  INFO        [AAPL] Fetching 2025-04-22 x 2025-05-23 ...
2026-03-23 17:09:24,842  INFO        [AAPL] Saved  60 rows -> AAPL/phase2/AAPL_2025-04-22_2025-05-23.csv
2026-03-23 17:09:24,843  INFO        [AAPL] Fetching 2025-04-22 x 2025-07-18 ...
2026-03-23 17:09:26,363  INFO        [AAPL] Saved  60 rows -> AAPL/phase2/AAPL_2025-04-22_2025-07-18.csv
2026-03-23 17:09:26,364  INFO        [AAPL] Fetching 2025-04-22 x 2025-10-17 ...
2026-03-23 17:09:27,824  INFO        [AAPL] Saved  60 rows -> AAPL/phase2/AAPL_2025-04-22_2025-10-17.csv
2026-03-23 17:09:30,163  INFO        [NVDA] Fetching 2025-04-22 x 2025-05-02 ...
2026-03-23 17:09:31,699  INFO        [NVDA] Saved  60 rows -> NVDA/phase2/NVDA_2025-04-22_2025-05-02.csv
2026-03-23 17:09:31,701  INFO        [NVDA] Fetching 2025-04-22 x 2025-05-23 ...
2026-03-23 17:09:33,161  INFO        [NVDA] Saved  60 rows -> NVDA/phase2/NVDA_2025-04-22_2025-05-23.csv
2026-03-23 17:09:33,162  INFO        [NVDA] Fetching 2025-04-22 x 2025-07-18 ...
2026-03-23 17:09:34,572  INFO        [NVDA] Saved  60 rows -> NVDA/phase2/NVDA_2025-04-22_2025-07-18.csv
2026-03-23 17:09:34,573  INFO        [NVDA] Fetching 2025-04-22 x 2025-10-17 ...
2026-03-23 17:09:36,416  INFO        [NVDA] Saved  60 rows -> NVDA/phase2/NVDA_2025-04-22_2025-10-17.csv
2026-03-23 17:09:38,088  INFO        [AMZN] Fetching 2025-04-22 x 2025-05-02 ...
2026-03-23 17:09:39,844  INFO        [AMZN] Saved  60 rows -> AMZN/phase2/AMZN_2025-04-22_2025-05-02.csv
2026-03-23 17:09:39,845  INFO        [AMZN] Fetching 2025-04-22 x 2025-05-23 ...
2026-03-23 17:09:41,225  INFO        [AMZN] Saved  60 rows -> AMZN/phase2/AMZN_2025-04-22_2025-05-23.csv
2026-03-23 17:09:41,226  INFO        [AMZN] Fetching 2025-04-22 x 2025-07-18 ...
2026-03-23 17:09:42,556  INFO        [AMZN] Saved  60 rows -> AMZN/phase2/AMZN_2025-04-22_2025-07-18.csv
2026-03-23 17:09:42,556  INFO        [AMZN] Fetching 2025-04-22 x 2025-10-17 ...
2026-03-23 17:09:43,902  INFO        [AMZN] Saved  60 rows -> AMZN/phase2/AMZN_2025-04-22_2025-10-17.csv
2026-03-23 17:09:45,214  INFO        [PG] Fetching 2025-04-22 x 2025-05-02 ...
2026-03-23 17:09:47,059  INFO        [PG] Saved  60 rows -> PG/phase2/PG_2025-04-22_2025-05-02.csv
2026-03-23 17:09:47,060  INFO        [PG] Fetching 2025-04-22 x 2025-05-23 ...
2026-03-23 17:09:48,914  INFO        [PG] Saved  60 rows -> PG/phase2/PG_2025-04-22_2025-05-23.csv
2026-03-23 17:09:48,915  INFO        [PG] Fetching 2025-04-22 x 2025-07-18 ...
2026-03-23 17:09:50,342  INFO        [PG] Saved  58 rows -> PG/phase2/PG_2025-04-22_2025-07-18.csv
2026-03-23 17:09:50,343  INFO        [PG] Fetching 2025-04-22 x 2025-10-17 ...
2026-03-23 17:09:51,785  INFO        [PG] Saved  58 rows -> PG/phase2/PG_2025-04-22_2025-10-17.csv
2026-03-23 17:09:53,924  INFO        [CAT] Fetching 2025-04-22 x 2025-05-02 ...
2026-03-23 17:09:55,867  INFO        [CAT] Saved  60 rows -> CAT/phase2/CAT_2025-04-22_2025-05-02.csv
2026-03-23 17:09:55,868  INFO        [CAT] Fetching 2025-04-22 x 2025-05-23 ...
2026-03-23 17:09:57,224  INFO        [CAT] Saved  60 rows -> CAT/phase2/CAT_2025-04-22_2025-05-23.csv
2026-03-23 17:09:57,225  INFO        [CAT] Fetching 2025-04-22 x 2025-07-18 ...
2026-03-23 17:09:59,244  INFO        [CAT] Saved  60 rows -> CAT/phase2/CAT_2025-04-22_2025-07-18.csv
2026-03-23 17:09:59,245  INFO        [CAT] Fetching 2025-04-22 x 2025-09-19 ...
2026-03-23 17:10:00,583  INFO        [CAT] Saved  60 rows -> CAT/phase2/CAT_2025-04-22_2025-09-19.csv
2026-03-23 17:10:00,584  INFO      
[15/27] 2025-04-23
2026-03-23 17:10:02,590  INFO        [AAPL] Fetching 2025-04-23 x 2025-05-02 ...
2026-03-23 17:10:03,854  INFO        [AAPL] Saved  60 rows -> AAPL/phase2/AAPL_2025-04-23_2025-05-02.csv
2026-03-23 17:10:03,855  INFO        [AAPL] Fetching 2025-04-23 x 2025-05-23 ...
2026-03-23 17:10:05,910  INFO        [AAPL] Saved  60 rows -> AAPL/phase2/AAPL_2025-04-23_2025-05-23.csv
2026-03-23 17:10:05,911  INFO        [AAPL] Fetching 2025-04-23 x 2025-07-18 ...
2026-03-23 17:10:07,548  INFO        [AAPL] Saved  60 rows -> AAPL/phase2/AAPL_2025-04-23_2025-07-18.csv
2026-03-23 17:10:07,549  INFO        [AAPL] Fetching 2025-04-23 x 2025-10-17 ...
2026-03-23 17:10:09,383  INFO        [AAPL] Saved  60 rows -> AAPL/phase2/AAPL_2025-04-23_2025-10-17.csv
2026-03-23 17:10:11,941  INFO        [NVDA] Fetching 2025-04-23 x 2025-05-02 ...
2026-03-23 17:10:13,481  INFO        [NVDA] Saved  60 rows -> NVDA/phase2/NVDA_2025-04-23_2025-05-02.csv
2026-03-23 17:10:13,482  INFO        [NVDA] Fetching 2025-04-23 x 2025-05-23 ...
2026-03-23 17:10:15,224  INFO        [NVDA] Saved  60 rows -> NVDA/phase2/NVDA_2025-04-23_2025-05-23.csv
2026-03-23 17:10:15,224  INFO        [NVDA] Fetching 2025-04-23 x 2025-07-18 ...
2026-03-23 17:10:17,177  INFO        [NVDA] Saved  60 rows -> NVDA/phase2/NVDA_2025-04-23_2025-07-18.csv
2026-03-23 17:10:17,178  INFO        [NVDA] Fetching 2025-04-23 x 2025-10-17 ...
2026-03-23 17:10:18,718  INFO        [NVDA] Saved  60 rows -> NVDA/phase2/NVDA_2025-04-23_2025-10-17.csv
2026-03-23 17:10:20,883  INFO        [AMZN] Fetching 2025-04-23 x 2025-05-02 ...
2026-03-23 17:10:22,728  INFO        [AMZN] Saved  60 rows -> AMZN/phase2/AMZN_2025-04-23_2025-05-02.csv
2026-03-23 17:10:22,729  INFO        [AMZN] Fetching 2025-04-23 x 2025-05-23 ...
2026-03-23 17:10:24,547  INFO        [AMZN] Saved  60 rows -> AMZN/phase2/AMZN_2025-04-23_2025-05-23.csv
2026-03-23 17:10:24,547  INFO        [AMZN] Fetching 2025-04-23 x 2025-07-18 ...
2026-03-23 17:10:25,909  INFO        [AMZN] Saved  60 rows -> AMZN/phase2/AMZN_2025-04-23_2025-07-18.csv
2026-03-23 17:10:25,910  INFO        [AMZN] Fetching 2025-04-23 x 2025-10-17 ...
2026-03-23 17:10:27,407  INFO        [AMZN] Saved  60 rows -> AMZN/phase2/AMZN_2025-04-23_2025-10-17.csv
2026-03-23 17:10:29,143  INFO        [PG] Fetching 2025-04-23 x 2025-05-02 ...
2026-03-23 17:10:30,683  INFO        [PG] Saved  60 rows -> PG/phase2/PG_2025-04-23_2025-05-02.csv
2026-03-23 17:10:30,684  INFO        [PG] Fetching 2025-04-23 x 2025-05-23 ...
2026-03-23 17:10:32,097  INFO        [PG] Saved  60 rows -> PG/phase2/PG_2025-04-23_2025-05-23.csv
2026-03-23 17:10:32,098  INFO        [PG] Fetching 2025-04-23 x 2025-07-18 ...
2026-03-23 17:10:33,455  INFO        [PG] Saved  58 rows -> PG/phase2/PG_2025-04-23_2025-07-18.csv
2026-03-23 17:10:33,455  INFO        [PG] Fetching 2025-04-23 x 2025-10-17 ...
2026-03-23 17:10:34,778  INFO        [PG] Saved  58 rows -> PG/phase2/PG_2025-04-23_2025-10-17.csv
2026-03-23 17:10:36,314  INFO        [CAT] Fetching 2025-04-23 x 2025-05-02 ...
2026-03-23 17:10:38,268  INFO        [CAT] Saved  60 rows -> CAT/phase2/CAT_2025-04-23_2025-05-02.csv
2026-03-23 17:10:38,269  INFO        [CAT] Fetching 2025-04-23 x 2025-05-23 ...
2026-03-23 17:10:40,515  INFO        [CAT] Saved  60 rows -> CAT/phase2/CAT_2025-04-23_2025-05-23.csv
2026-03-23 17:10:40,516  INFO        [CAT] Fetching 2025-04-23 x 2025-07-18 ...
2026-03-23 17:10:41,837  INFO        [CAT] Saved  60 rows -> CAT/phase2/CAT_2025-04-23_2025-07-18.csv
2026-03-23 17:10:41,838  INFO        [CAT] Fetching 2025-04-23 x 2025-09-19 ...
2026-03-23 17:10:43,385  INFO        [CAT] Saved  60 rows -> CAT/phase2/CAT_2025-04-23_2025-09-19.csv
2026-03-23 17:10:43,385  INFO      
[16/27] 2025-04-24
2026-03-23 17:10:45,327  INFO        [AAPL] Fetching 2025-04-24 x 2025-05-02 ...
2026-03-23 17:10:46,896  INFO        [AAPL] Saved  60 rows -> AAPL/phase2/AAPL_2025-04-24_2025-05-02.csv
2026-03-23 17:10:46,897  INFO        [AAPL] Fetching 2025-04-24 x 2025-05-23 ...
2026-03-23 17:10:48,511  INFO        [AAPL] Saved  60 rows -> AAPL/phase2/AAPL_2025-04-24_2025-05-23.csv
2026-03-23 17:10:48,517  INFO        [AAPL] Fetching 2025-04-24 x 2025-07-18 ...
2026-03-23 17:10:50,858  INFO        [AAPL] Saved  60 rows -> AAPL/phase2/AAPL_2025-04-24_2025-07-18.csv
2026-03-23 17:10:50,859  INFO        [AAPL] Fetching 2025-04-24 x 2025-10-17 ...
2026-03-23 17:10:52,597  INFO        [AAPL] Saved  60 rows -> AAPL/phase2/AAPL_2025-04-24_2025-10-17.csv
2026-03-23 17:10:55,150  INFO        [NVDA] Fetching 2025-04-24 x 2025-05-02 ...
2026-03-23 17:10:57,004  INFO        [NVDA] Saved  60 rows -> NVDA/phase2/NVDA_2025-04-24_2025-05-02.csv
2026-03-23 17:10:57,005  INFO        [NVDA] Fetching 2025-04-24 x 2025-05-23 ...
2026-03-23 17:10:58,414  INFO        [NVDA] Saved  60 rows -> NVDA/phase2/NVDA_2025-04-24_2025-05-23.csv
2026-03-23 17:10:58,415  INFO        [NVDA] Fetching 2025-04-24 x 2025-07-18 ...
2026-03-23 17:10:59,691  INFO        [NVDA] Saved  60 rows -> NVDA/phase2/NVDA_2025-04-24_2025-07-18.csv
2026-03-23 17:10:59,692  INFO        [NVDA] Fetching 2025-04-24 x 2025-10-17 ...
2026-03-23 17:11:01,053  INFO        [NVDA] Saved  60 rows -> NVDA/phase2/NVDA_2025-04-24_2025-10-17.csv
2026-03-23 17:11:03,450  INFO        [AMZN] Fetching 2025-04-24 x 2025-05-02 ...
2026-03-23 17:11:04,884  INFO        [AMZN] Saved  60 rows -> AMZN/phase2/AMZN_2025-04-24_2025-05-02.csv
2026-03-23 17:11:04,885  INFO        [AMZN] Fetching 2025-04-24 x 2025-05-23 ...
2026-03-23 17:11:06,424  INFO        [AMZN] Saved  60 rows -> AMZN/phase2/AMZN_2025-04-24_2025-05-23.csv
2026-03-23 17:11:06,425  INFO        [AMZN] Fetching 2025-04-24 x 2025-07-18 ...
2026-03-23 17:11:08,266  INFO        [AMZN] Saved  60 rows -> AMZN/phase2/AMZN_2025-04-24_2025-07-18.csv
2026-03-23 17:11:08,267  INFO        [AMZN] Fetching 2025-04-24 x 2025-10-17 ...
2026-03-23 17:11:09,600  INFO        [AMZN] Saved  60 rows -> AMZN/phase2/AMZN_2025-04-24_2025-10-17.csv
2026-03-23 17:11:11,125  INFO        [PG] Fetching 2025-04-24 x 2025-05-02 ...
2026-03-23 17:11:12,324  INFO        [PG] Saved  60 rows -> PG/phase2/PG_2025-04-24_2025-05-02.csv
2026-03-23 17:11:12,325  INFO        [PG] Fetching 2025-04-24 x 2025-05-23 ...
2026-03-23 17:11:13,586  INFO        [PG] Saved  60 rows -> PG/phase2/PG_2025-04-24_2025-05-23.csv
2026-03-23 17:11:13,587  INFO        [PG] Fetching 2025-04-24 x 2025-07-18 ...
2026-03-23 17:11:14,891  INFO        [PG] Saved  58 rows -> PG/phase2/PG_2025-04-24_2025-07-18.csv
2026-03-23 17:11:14,892  INFO        [PG] Fetching 2025-04-24 x 2025-10-17 ...
2026-03-23 17:11:16,256  INFO        [PG] Saved  58 rows -> PG/phase2/PG_2025-04-24_2025-10-17.csv
2026-03-23 17:11:17,987  INFO        [CAT] Fetching 2025-04-24 x 2025-05-02 ...
2026-03-23 17:11:19,333  INFO        [CAT] Saved  60 rows -> CAT/phase2/CAT_2025-04-24_2025-05-02.csv
2026-03-23 17:11:19,334  INFO        [CAT] Fetching 2025-04-24 x 2025-05-23 ...
2026-03-23 17:11:20,744  INFO        [CAT] Saved  60 rows -> CAT/phase2/CAT_2025-04-24_2025-05-23.csv
2026-03-23 17:11:20,745  INFO        [CAT] Fetching 2025-04-24 x 2025-07-18 ...
2026-03-23 17:11:22,193  INFO        [CAT] Saved  60 rows -> CAT/phase2/CAT_2025-04-24_2025-07-18.csv
2026-03-23 17:11:22,194  INFO        [CAT] Fetching 2025-04-24 x 2025-11-21 ...
2026-03-23 17:11:23,528  INFO        [CAT] Saved  60 rows -> CAT/phase2/CAT_2025-04-24_2025-11-21.csv
2026-03-23 17:11:23,528  INFO      
[17/27] 2025-04-25
2026-03-23 17:11:25,586  INFO        [AAPL] Fetching 2025-04-25 x 2025-05-02 ...
2026-03-23 17:11:27,412  INFO        [AAPL] Saved  60 rows -> AAPL/phase2/AAPL_2025-04-25_2025-05-02.csv
2026-03-23 17:11:27,413  INFO        [AAPL] Fetching 2025-04-25 x 2025-05-23 ...
2026-03-23 17:11:29,463  INFO        [AAPL] Saved  60 rows -> AAPL/phase2/AAPL_2025-04-25_2025-05-23.csv
2026-03-23 17:11:29,464  INFO        [AAPL] Fetching 2025-04-25 x 2025-07-18 ...
2026-03-23 17:11:30,691  INFO        [AAPL] Saved  60 rows -> AAPL/phase2/AAPL_2025-04-25_2025-07-18.csv
2026-03-23 17:11:30,692  INFO        [AAPL] Fetching 2025-04-25 x 2025-10-17 ...
2026-03-23 17:11:32,141  INFO        [AAPL] Saved  60 rows -> AAPL/phase2/AAPL_2025-04-25_2025-10-17.csv
2026-03-23 17:11:34,646  INFO        [NVDA] Fetching 2025-04-25 x 2025-05-02 ...
2026-03-23 17:11:35,953  INFO        [NVDA] Saved  60 rows -> NVDA/phase2/NVDA_2025-04-25_2025-05-02.csv
2026-03-23 17:11:35,953  INFO        [NVDA] Fetching 2025-04-25 x 2025-05-23 ...
2026-03-23 17:11:37,448  INFO        [NVDA] Saved  60 rows -> NVDA/phase2/NVDA_2025-04-25_2025-05-23.csv
2026-03-23 17:11:37,449  INFO        [NVDA] Fetching 2025-04-25 x 2025-07-18 ...
2026-03-23 17:11:38,999  INFO        [NVDA] Saved  60 rows -> NVDA/phase2/NVDA_2025-04-25_2025-07-18.csv
2026-03-23 17:11:39,000  INFO        [NVDA] Fetching 2025-04-25 x 2025-10-17 ...
2026-03-23 17:11:40,512  INFO        [NVDA] Saved  60 rows -> NVDA/phase2/NVDA_2025-04-25_2025-10-17.csv
2026-03-23 17:11:42,169  INFO        [AMZN] Fetching 2025-04-25 x 2025-05-02 ...
2026-03-23 17:11:44,531  INFO        [AMZN] Saved  60 rows -> AMZN/phase2/AMZN_2025-04-25_2025-05-02.csv
2026-03-23 17:11:44,532  INFO        [AMZN] Fetching 2025-04-25 x 2025-05-23 ...
2026-03-23 17:11:46,482  INFO        [AMZN] Saved  60 rows -> AMZN/phase2/AMZN_2025-04-25_2025-05-23.csv
2026-03-23 17:11:46,489  INFO        [AMZN] Fetching 2025-04-25 x 2025-07-18 ...
2026-03-23 17:11:48,819  INFO        [AMZN] Saved  60 rows -> AMZN/phase2/AMZN_2025-04-25_2025-07-18.csv
2026-03-23 17:11:48,820  INFO        [AMZN] Fetching 2025-04-25 x 2025-10-17 ...
2026-03-23 17:11:50,364  INFO        [AMZN] Saved  60 rows -> AMZN/phase2/AMZN_2025-04-25_2025-10-17.csv
2026-03-23 17:11:52,595  INFO        [PG] Fetching 2025-04-25 x 2025-05-02 ...
2026-03-23 17:11:53,936  INFO        [PG] Saved  60 rows -> PG/phase2/PG_2025-04-25_2025-05-02.csv
2026-03-23 17:11:53,937  INFO        [PG] Fetching 2025-04-25 x 2025-05-23 ...
2026-03-23 17:11:55,253  INFO        [PG] Saved  60 rows -> PG/phase2/PG_2025-04-25_2025-05-23.csv
2026-03-23 17:11:55,254  INFO        [PG] Fetching 2025-04-25 x 2025-07-18 ...
2026-03-23 17:11:56,700  INFO        [PG] Saved  58 rows -> PG/phase2/PG_2025-04-25_2025-07-18.csv
2026-03-23 17:11:56,700  INFO        [PG] Fetching 2025-04-25 x 2025-10-17 ...
2026-03-23 17:11:58,030  INFO        [PG] Saved  58 rows -> PG/phase2/PG_2025-04-25_2025-10-17.csv
2026-03-23 17:11:59,768  INFO        [CAT] Fetching 2025-04-25 x 2025-05-02 ...
2026-03-23 17:12:01,205  INFO        [CAT] Saved  60 rows -> CAT/phase2/CAT_2025-04-25_2025-05-02.csv
2026-03-23 17:12:01,206  INFO        [CAT] Fetching 2025-04-25 x 2025-05-23 ...
2026-03-23 17:12:02,800  INFO        [CAT] Saved  60 rows -> CAT/phase2/CAT_2025-04-25_2025-05-23.csv
2026-03-23 17:12:02,801  INFO        [CAT] Fetching 2025-04-25 x 2025-07-18 ...
2026-03-23 17:12:04,993  INFO        [CAT] Saved  60 rows -> CAT/phase2/CAT_2025-04-25_2025-07-18.csv
2026-03-23 17:12:04,993  INFO        [CAT] Fetching 2025-04-25 x 2025-11-21 ...
2026-03-23 17:12:06,325  INFO        [CAT] Saved  60 rows -> CAT/phase2/CAT_2025-04-25_2025-11-21.csv
2026-03-23 17:12:06,325  INFO      
[18/27] 2025-04-28
2026-03-23 17:12:07,964  INFO        [AAPL] Fetching 2025-04-28 x 2025-05-02 ...
2026-03-23 17:12:09,513  INFO        [AAPL] Saved  60 rows -> AAPL/phase2/AAPL_2025-04-28_2025-05-02.csv
2026-03-23 17:12:09,514  INFO        [AAPL] Fetching 2025-04-28 x 2025-05-30 ...
2026-03-23 17:12:11,444  INFO        [AAPL] Saved  60 rows -> AAPL/phase2/AAPL_2025-04-28_2025-05-30.csv
2026-03-23 17:12:11,445  INFO        [AAPL] Fetching 2025-04-28 x 2025-07-18 ...
2026-03-23 17:12:12,772  INFO        [AAPL] Saved  60 rows -> AAPL/phase2/AAPL_2025-04-28_2025-07-18.csv
2026-03-23 17:12:12,773  INFO        [AAPL] Fetching 2025-04-28 x 2025-10-17 ...
2026-03-23 17:12:14,670  INFO        [AAPL] Saved  60 rows -> AAPL/phase2/AAPL_2025-04-28_2025-10-17.csv
2026-03-23 17:12:17,385  INFO        [NVDA] Fetching 2025-04-28 x 2025-05-02 ...
2026-03-23 17:12:18,820  INFO        [NVDA] Saved  60 rows -> NVDA/phase2/NVDA_2025-04-28_2025-05-02.csv
2026-03-23 17:12:18,821  INFO        [NVDA] Fetching 2025-04-28 x 2025-05-30 ...
2026-03-23 17:12:20,149  INFO        [NVDA] Saved  60 rows -> NVDA/phase2/NVDA_2025-04-28_2025-05-30.csv
2026-03-23 17:12:20,150  INFO        [NVDA] Fetching 2025-04-28 x 2025-07-18 ...
2026-03-23 17:12:21,991  INFO        [NVDA] Saved  60 rows -> NVDA/phase2/NVDA_2025-04-28_2025-07-18.csv
2026-03-23 17:12:21,991  INFO        [NVDA] Fetching 2025-04-28 x 2025-10-17 ...
2026-03-23 17:12:23,335  INFO        [NVDA] Saved  60 rows -> NVDA/phase2/NVDA_2025-04-28_2025-10-17.csv
2026-03-23 17:12:25,058  INFO        [AMZN] Fetching 2025-04-28 x 2025-05-02 ...
2026-03-23 17:12:26,294  INFO        [AMZN] Saved  60 rows -> AMZN/phase2/AMZN_2025-04-28_2025-05-02.csv
2026-03-23 17:12:26,295  INFO        [AMZN] Fetching 2025-04-28 x 2025-05-30 ...
2026-03-23 17:12:28,238  INFO        [AMZN] Saved  60 rows -> AMZN/phase2/AMZN_2025-04-28_2025-05-30.csv
2026-03-23 17:12:28,239  INFO        [AMZN] Fetching 2025-04-28 x 2025-07-18 ...
2026-03-23 17:12:29,979  INFO        [AMZN] Saved  60 rows -> AMZN/phase2/AMZN_2025-04-28_2025-07-18.csv
2026-03-23 17:12:29,980  INFO        [AMZN] Fetching 2025-04-28 x 2025-10-17 ...
2026-03-23 17:12:32,238  INFO        [AMZN] Saved  60 rows -> AMZN/phase2/AMZN_2025-04-28_2025-10-17.csv
2026-03-23 17:12:33,559  INFO        [PG] Fetching 2025-04-28 x 2025-05-02 ...
2026-03-23 17:12:35,011  INFO        [PG] Saved  60 rows -> PG/phase2/PG_2025-04-28_2025-05-02.csv
2026-03-23 17:12:35,012  INFO        [PG] Fetching 2025-04-28 x 2025-05-30 ...
2026-03-23 17:12:36,533  INFO        [PG] Saved  60 rows -> PG/phase2/PG_2025-04-28_2025-05-30.csv
2026-03-23 17:12:36,534  INFO        [PG] Fetching 2025-04-28 x 2025-07-18 ...
2026-03-23 17:12:38,072  INFO        [PG] Saved  58 rows -> PG/phase2/PG_2025-04-28_2025-07-18.csv
2026-03-23 17:12:38,073  INFO        [PG] Fetching 2025-04-28 x 2025-10-17 ...
2026-03-23 17:12:39,923  INFO        [PG] Saved  58 rows -> PG/phase2/PG_2025-04-28_2025-10-17.csv
2026-03-23 17:12:41,423  INFO        [CAT] Fetching 2025-04-28 x 2025-05-02 ...
2026-03-23 17:12:42,998  INFO        [CAT] Saved  60 rows -> CAT/phase2/CAT_2025-04-28_2025-05-02.csv
2026-03-23 17:12:42,999  INFO        [CAT] Fetching 2025-04-28 x 2025-05-30 ...
2026-03-23 17:12:44,901  INFO        [CAT] Saved  60 rows -> CAT/phase2/CAT_2025-04-28_2025-05-30.csv
2026-03-23 17:12:44,902  INFO        [CAT] Fetching 2025-04-28 x 2025-07-18 ...
2026-03-23 17:12:46,547  INFO        [CAT] Saved  60 rows -> CAT/phase2/CAT_2025-04-28_2025-07-18.csv
2026-03-23 17:12:46,548  INFO        [CAT] Fetching 2025-04-28 x 2025-11-21 ...
2026-03-23 17:12:48,113  INFO        [CAT] Saved  60 rows -> CAT/phase2/CAT_2025-04-28_2025-11-21.csv
2026-03-23 17:12:48,114  INFO      
[19/27] 2025-04-29
2026-03-23 17:12:49,758  INFO        [AAPL] Fetching 2025-04-29 x 2025-05-09 ...
2026-03-23 17:12:51,386  INFO        [AAPL] Saved  60 rows -> AAPL/phase2/AAPL_2025-04-29_2025-05-09.csv
2026-03-23 17:12:51,386  INFO        [AAPL] Fetching 2025-04-29 x 2025-05-30 ...
2026-03-23 17:12:53,436  INFO        [AAPL] Saved  60 rows -> AAPL/phase2/AAPL_2025-04-29_2025-05-30.csv
2026-03-23 17:12:53,437  INFO        [AAPL] Fetching 2025-04-29 x 2025-07-18 ...
2026-03-23 17:12:54,874  INFO        [AAPL] Saved  60 rows -> AAPL/phase2/AAPL_2025-04-29_2025-07-18.csv
2026-03-23 17:12:54,875  INFO        [AAPL] Fetching 2025-04-29 x 2025-10-17 ...
2026-03-23 17:12:56,295  INFO        [AAPL] Saved  60 rows -> AAPL/phase2/AAPL_2025-04-29_2025-10-17.csv
2026-03-23 17:12:58,984  INFO        [NVDA] Fetching 2025-04-29 x 2025-05-09 ...
2026-03-23 17:13:00,901  INFO        [NVDA] Saved  60 rows -> NVDA/phase2/NVDA_2025-04-29_2025-05-09.csv
2026-03-23 17:13:00,902  INFO        [NVDA] Fetching 2025-04-29 x 2025-05-30 ...
2026-03-23 17:13:02,442  INFO        [NVDA] Saved  60 rows -> NVDA/phase2/NVDA_2025-04-29_2025-05-30.csv
2026-03-23 17:13:02,443  INFO        [NVDA] Fetching 2025-04-29 x 2025-07-18 ...
2026-03-23 17:13:03,839  INFO        [NVDA] Saved  60 rows -> NVDA/phase2/NVDA_2025-04-29_2025-07-18.csv
2026-03-23 17:13:03,840  INFO        [NVDA] Fetching 2025-04-29 x 2025-10-17 ...
2026-03-23 17:13:05,219  INFO        [NVDA] Saved  60 rows -> NVDA/phase2/NVDA_2025-04-29_2025-10-17.csv
2026-03-23 17:13:07,062  INFO        [AMZN] Fetching 2025-04-29 x 2025-05-09 ...
2026-03-23 17:13:08,994  INFO        [AMZN] Saved  60 rows -> AMZN/phase2/AMZN_2025-04-29_2025-05-09.csv
2026-03-23 17:13:08,995  INFO        [AMZN] Fetching 2025-04-29 x 2025-05-30 ...
2026-03-23 17:13:10,842  INFO        [AMZN] Saved  60 rows -> AMZN/phase2/AMZN_2025-04-29_2025-05-30.csv
2026-03-23 17:13:10,843  INFO        [AMZN] Fetching 2025-04-29 x 2025-07-18 ...
2026-03-23 17:13:12,272  INFO        [AMZN] Saved  60 rows -> AMZN/phase2/AMZN_2025-04-29_2025-07-18.csv
2026-03-23 17:13:12,273  INFO        [AMZN] Fetching 2025-04-29 x 2025-10-17 ...
2026-03-23 17:13:14,221  INFO        [AMZN] Saved  60 rows -> AMZN/phase2/AMZN_2025-04-29_2025-10-17.csv
2026-03-23 17:13:15,849  INFO        [PG] Fetching 2025-04-29 x 2025-05-09 ...
2026-03-23 17:13:17,807  INFO        [PG] Saved  60 rows -> PG/phase2/PG_2025-04-29_2025-05-09.csv
2026-03-23 17:13:17,808  INFO        [PG] Fetching 2025-04-29 x 2025-05-30 ...
2026-03-23 17:13:20,256  INFO        [PG] Saved  60 rows -> PG/phase2/PG_2025-04-29_2025-05-30.csv
2026-03-23 17:13:20,257  INFO        [PG] Fetching 2025-04-29 x 2025-07-18 ...
2026-03-23 17:13:21,595  INFO        [PG] Saved  58 rows -> PG/phase2/PG_2025-04-29_2025-07-18.csv
2026-03-23 17:13:21,596  INFO        [PG] Fetching 2025-04-29 x 2025-10-17 ...
2026-03-23 17:13:23,412  INFO        [PG] Saved  58 rows -> PG/phase2/PG_2025-04-29_2025-10-17.csv
2026-03-23 17:13:25,150  INFO        [CAT] Fetching 2025-04-29 x 2025-05-09 ...
2026-03-23 17:13:26,391  INFO        [CAT] Saved  60 rows -> CAT/phase2/CAT_2025-04-29_2025-05-09.csv
2026-03-23 17:13:26,392  INFO        [CAT] Fetching 2025-04-29 x 2025-05-30 ...
2026-03-23 17:13:28,459  INFO        [CAT] Saved  60 rows -> CAT/phase2/CAT_2025-04-29_2025-05-30.csv
2026-03-23 17:13:28,460  INFO        [CAT] Fetching 2025-04-29 x 2025-07-18 ...
2026-03-23 17:13:29,663  INFO        [CAT] Saved  60 rows -> CAT/phase2/CAT_2025-04-29_2025-07-18.csv
2026-03-23 17:13:29,664  INFO        [CAT] Fetching 2025-04-29 x 2025-11-21 ...
2026-03-23 17:13:31,124  INFO        [CAT] Saved  60 rows -> CAT/phase2/CAT_2025-04-29_2025-11-21.csv
2026-03-23 17:13:31,124  INFO      
[20/27] 2025-04-30
2026-03-23 17:13:33,365  INFO        [AAPL] Fetching 2025-04-30 x 2025-05-09 ...
2026-03-23 17:13:35,209  INFO        [AAPL] Saved  60 rows -> AAPL/phase2/AAPL_2025-04-30_2025-05-09.csv
2026-03-23 17:13:35,211  INFO        [AAPL] Fetching 2025-04-30 x 2025-05-30 ...
2026-03-23 17:13:37,048  INFO        [AAPL] Saved  60 rows -> AAPL/phase2/AAPL_2025-04-30_2025-05-30.csv
2026-03-23 17:13:37,049  INFO        [AAPL] Fetching 2025-04-30 x 2025-07-18 ...
2026-03-23 17:13:38,996  INFO        [AAPL] Saved  60 rows -> AAPL/phase2/AAPL_2025-04-30_2025-07-18.csv
2026-03-23 17:13:38,997  INFO        [AAPL] Fetching 2025-04-30 x 2025-10-17 ...
2026-03-23 17:13:40,844  INFO        [AAPL] Saved  60 rows -> AAPL/phase2/AAPL_2025-04-30_2025-10-17.csv
2026-03-23 17:13:42,988  INFO        [NVDA] Fetching 2025-04-30 x 2025-05-09 ...
2026-03-23 17:13:44,429  INFO        [NVDA] Saved  60 rows -> NVDA/phase2/NVDA_2025-04-30_2025-05-09.csv
2026-03-23 17:13:44,430  INFO        [NVDA] Fetching 2025-04-30 x 2025-05-30 ...
2026-03-23 17:13:45,847  INFO        [NVDA] Saved  60 rows -> NVDA/phase2/NVDA_2025-04-30_2025-05-30.csv
2026-03-23 17:13:45,848  INFO        [NVDA] Fetching 2025-04-30 x 2025-07-18 ...
2026-03-23 17:13:47,293  INFO        [NVDA] Saved  60 rows -> NVDA/phase2/NVDA_2025-04-30_2025-07-18.csv
2026-03-23 17:13:47,294  INFO        [NVDA] Fetching 2025-04-30 x 2025-10-17 ...
2026-03-23 17:13:48,735  INFO        [NVDA] Saved  60 rows -> NVDA/phase2/NVDA_2025-04-30_2025-10-17.csv
2026-03-23 17:13:51,280  INFO        [AMZN] Fetching 2025-04-30 x 2025-05-09 ...
2026-03-23 17:13:52,729  INFO        [AMZN] Saved  60 rows -> AMZN/phase2/AMZN_2025-04-30_2025-05-09.csv
2026-03-23 17:13:52,730  INFO        [AMZN] Fetching 2025-04-30 x 2025-05-30 ...
2026-03-23 17:13:54,155  INFO        [AMZN] Saved  60 rows -> AMZN/phase2/AMZN_2025-04-30_2025-05-30.csv
2026-03-23 17:13:54,156  INFO        [AMZN] Fetching 2025-04-30 x 2025-07-18 ...
2026-03-23 17:13:56,100  INFO        [AMZN] Saved  60 rows -> AMZN/phase2/AMZN_2025-04-30_2025-07-18.csv
2026-03-23 17:13:56,101  INFO        [AMZN] Fetching 2025-04-30 x 2025-10-17 ...
2026-03-23 17:13:57,377  INFO        [AMZN] Saved  60 rows -> AMZN/phase2/AMZN_2025-04-30_2025-10-17.csv
2026-03-23 17:13:59,576  INFO        [PG] Fetching 2025-04-30 x 2025-05-09 ...
2026-03-23 17:14:01,734  INFO        [PG] Saved  60 rows -> PG/phase2/PG_2025-04-30_2025-05-09.csv
2026-03-23 17:14:01,735  INFO        [PG] Fetching 2025-04-30 x 2025-05-30 ...
2026-03-23 17:14:03,683  INFO        [PG] Saved  60 rows -> PG/phase2/PG_2025-04-30_2025-05-30.csv
2026-03-23 17:14:03,684  INFO        [PG] Fetching 2025-04-30 x 2025-07-18 ...
2026-03-23 17:14:05,696  INFO        [PG] Saved  58 rows -> PG/phase2/PG_2025-04-30_2025-07-18.csv
2026-03-23 17:14:05,697  INFO        [PG] Fetching 2025-04-30 x 2025-10-17 ...
2026-03-23 17:14:08,304  INFO        [PG] Saved  58 rows -> PG/phase2/PG_2025-04-30_2025-10-17.csv
2026-03-23 17:14:10,474  INFO        [CAT] Fetching 2025-04-30 x 2025-05-09 ...
2026-03-23 17:14:13,000  INFO        [CAT] Saved  60 rows -> CAT/phase2/CAT_2025-04-30_2025-05-09.csv
2026-03-23 17:14:13,002  INFO        [CAT] Fetching 2025-04-30 x 2025-05-30 ...
2026-03-23 17:14:15,208  INFO        [CAT] Saved  60 rows -> CAT/phase2/CAT_2025-04-30_2025-05-30.csv
2026-03-23 17:14:15,210  INFO        [CAT] Fetching 2025-04-30 x 2025-07-18 ...
2026-03-23 17:14:18,029  INFO        [CAT] Saved  60 rows -> CAT/phase2/CAT_2025-04-30_2025-07-18.csv
2026-03-23 17:14:18,033  INFO        [CAT] Fetching 2025-04-30 x 2025-11-21 ...
2026-03-23 17:14:19,835  INFO        [CAT] Saved  60 rows -> CAT/phase2/CAT_2025-04-30_2025-11-21.csv
2026-03-23 17:14:19,836  INFO      
[21/27] 2025-05-01
2026-03-23 17:14:22,426  INFO        [AAPL] Fetching 2025-05-01 x 2025-05-09 ...
2026-03-23 17:14:24,774  INFO        [AAPL] Saved  60 rows -> AAPL/phase2/AAPL_2025-05-01_2025-05-09.csv
2026-03-23 17:14:24,775  INFO        [AAPL] Fetching 2025-05-01 x 2025-05-30 ...
2026-03-23 17:14:26,710  INFO        [AAPL] Saved  60 rows -> AAPL/phase2/AAPL_2025-05-01_2025-05-30.csv
2026-03-23 17:14:26,711  INFO        [AAPL] Fetching 2025-05-01 x 2025-07-18 ...
2026-03-23 17:14:29,182  INFO        [AAPL] Saved  60 rows -> AAPL/phase2/AAPL_2025-05-01_2025-07-18.csv
2026-03-23 17:14:29,184  INFO        [AAPL] Fetching 2025-05-01 x 2025-10-17 ...
2026-03-23 17:14:31,956  INFO        [AAPL] Saved  60 rows -> AAPL/phase2/AAPL_2025-05-01_2025-10-17.csv
2026-03-23 17:14:35,096  INFO        [NVDA] Fetching 2025-05-01 x 2025-05-09 ...
2026-03-23 17:14:37,203  INFO        [NVDA] Saved  60 rows -> NVDA/phase2/NVDA_2025-05-01_2025-05-09.csv
2026-03-23 17:14:37,205  INFO        [NVDA] Fetching 2025-05-01 x 2025-05-30 ...
2026-03-23 17:14:39,358  INFO        [NVDA] Saved  60 rows -> NVDA/phase2/NVDA_2025-05-01_2025-05-30.csv
2026-03-23 17:14:39,360  INFO        [NVDA] Fetching 2025-05-01 x 2025-07-18 ...
2026-03-23 17:14:41,418  INFO        [NVDA] Saved  60 rows -> NVDA/phase2/NVDA_2025-05-01_2025-07-18.csv
2026-03-23 17:14:41,421  INFO        [NVDA] Fetching 2025-05-01 x 2025-10-17 ...
2026-03-23 17:14:43,991  INFO        [NVDA] Saved  60 rows -> NVDA/phase2/NVDA_2025-05-01_2025-10-17.csv
2026-03-23 17:14:46,905  INFO        [AMZN] Fetching 2025-05-01 x 2025-05-09 ...
2026-03-23 17:14:49,857  INFO        [AMZN] Saved  60 rows -> AMZN/phase2/AMZN_2025-05-01_2025-05-09.csv
2026-03-23 17:14:49,859  INFO        [AMZN] Fetching 2025-05-01 x 2025-05-30 ...
2026-03-23 17:14:53,548  INFO        [AMZN] Saved  60 rows -> AMZN/phase2/AMZN_2025-05-01_2025-05-30.csv
2026-03-23 17:14:53,549  INFO        [AMZN] Fetching 2025-05-01 x 2025-07-18 ...
2026-03-23 17:14:55,909  INFO        [AMZN] Saved  60 rows -> AMZN/phase2/AMZN_2025-05-01_2025-07-18.csv
2026-03-23 17:14:55,910  INFO        [AMZN] Fetching 2025-05-01 x 2025-10-17 ...
2026-03-23 17:14:58,578  INFO        [AMZN] Saved  60 rows -> AMZN/phase2/AMZN_2025-05-01_2025-10-17.csv
2026-03-23 17:15:02,127  INFO        [PG] Fetching 2025-05-01 x 2025-05-09 ...
2026-03-23 17:15:05,389  INFO        [PG] Saved  60 rows -> PG/phase2/PG_2025-05-01_2025-05-09.csv
2026-03-23 17:15:05,406  INFO        [PG] Fetching 2025-05-01 x 2025-05-30 ...
2026-03-23 17:15:09,258  INFO        [PG] Saved  60 rows -> PG/phase2/PG_2025-05-01_2025-05-30.csv
2026-03-23 17:15:09,288  INFO        [PG] Fetching 2025-05-01 x 2025-07-18 ...
2026-03-23 17:15:12,829  INFO        [PG] Saved  58 rows -> PG/phase2/PG_2025-05-01_2025-07-18.csv
2026-03-23 17:15:12,835  INFO        [PG] Fetching 2025-05-01 x 2025-10-17 ...
2026-03-23 17:15:15,814  INFO        [PG] Saved  58 rows -> PG/phase2/PG_2025-05-01_2025-10-17.csv
2026-03-23 17:15:19,112  INFO        [CAT] Fetching 2025-05-01 x 2025-05-09 ...
2026-03-23 17:15:22,673  INFO        [CAT] Saved  60 rows -> CAT/phase2/CAT_2025-05-01_2025-05-09.csv
2026-03-23 17:15:22,682  INFO        [CAT] Fetching 2025-05-01 x 2025-05-30 ...
2026-03-23 17:15:26,348  INFO        [CAT] Saved  60 rows -> CAT/phase2/CAT_2025-05-01_2025-05-30.csv
2026-03-23 17:15:26,358  INFO        [CAT] Fetching 2025-05-01 x 2025-07-18 ...
2026-03-23 17:15:29,857  INFO        [CAT] Saved  60 rows -> CAT/phase2/CAT_2025-05-01_2025-07-18.csv
2026-03-23 17:15:29,861  INFO        [CAT] Fetching 2025-05-01 x 2025-11-21 ...
2026-03-23 17:15:33,842  INFO        [CAT] Saved  60 rows -> CAT/phase2/CAT_2025-05-01_2025-11-21.csv
2026-03-23 17:15:33,877  INFO      
[22/27] 2025-05-02
2026-03-23 17:15:38,096  INFO        [AAPL] Fetching 2025-05-02 x 2025-05-09 ...
2026-03-23 17:15:42,200  INFO        [AAPL] Saved  60 rows -> AAPL/phase2/AAPL_2025-05-02_2025-05-09.csv
2026-03-23 17:15:42,234  INFO        [AAPL] Fetching 2025-05-02 x 2025-05-30 ...
2026-03-23 17:15:45,878  INFO        [AAPL] Saved  60 rows -> AAPL/phase2/AAPL_2025-05-02_2025-05-30.csv
2026-03-23 17:15:45,879  INFO        [AAPL] Fetching 2025-05-02 x 2025-07-18 ...
2026-03-23 17:15:47,717  INFO        [AAPL] Saved  60 rows -> AAPL/phase2/AAPL_2025-05-02_2025-07-18.csv
2026-03-23 17:15:47,731  INFO        [AAPL] Fetching 2025-05-02 x 2025-10-17 ...
2026-03-23 17:15:49,354  INFO        [AAPL] Saved  60 rows -> AAPL/phase2/AAPL_2025-05-02_2025-10-17.csv
2026-03-23 17:15:51,399  INFO        [NVDA] Fetching 2025-05-02 x 2025-05-09 ...
2026-03-23 17:15:52,931  INFO        [NVDA] Saved  60 rows -> NVDA/phase2/NVDA_2025-05-02_2025-05-09.csv
2026-03-23 17:15:52,932  INFO        [NVDA] Fetching 2025-05-02 x 2025-05-30 ...
2026-03-23 17:15:54,239  INFO        [NVDA] Saved  60 rows -> NVDA/phase2/NVDA_2025-05-02_2025-05-30.csv
2026-03-23 17:15:54,239  INFO        [NVDA] Fetching 2025-05-02 x 2025-07-18 ...
2026-03-23 17:15:56,112  INFO        [NVDA] Saved  60 rows -> NVDA/phase2/NVDA_2025-05-02_2025-07-18.csv
2026-03-23 17:15:56,113  INFO        [NVDA] Fetching 2025-05-02 x 2025-10-17 ...
2026-03-23 17:15:57,638  INFO        [NVDA] Saved  60 rows -> NVDA/phase2/NVDA_2025-05-02_2025-10-17.csv
2026-03-23 17:16:00,713  INFO        [AMZN] Fetching 2025-05-02 x 2025-05-09 ...
2026-03-23 17:16:02,259  INFO        [AMZN] Saved  60 rows -> AMZN/phase2/AMZN_2025-05-02_2025-05-09.csv
2026-03-23 17:16:02,260  INFO        [AMZN] Fetching 2025-05-02 x 2025-05-30 ...
2026-03-23 17:16:03,692  INFO        [AMZN] Saved  60 rows -> AMZN/phase2/AMZN_2025-05-02_2025-05-30.csv
2026-03-23 17:16:03,694  INFO        [AMZN] Fetching 2025-05-02 x 2025-07-18 ...
2026-03-23 17:16:05,434  INFO        [AMZN] Saved  60 rows -> AMZN/phase2/AMZN_2025-05-02_2025-07-18.csv
2026-03-23 17:16:05,435  INFO        [AMZN] Fetching 2025-05-02 x 2025-10-17 ...
2026-03-23 17:16:06,962  INFO        [AMZN] Saved  60 rows -> AMZN/phase2/AMZN_2025-05-02_2025-10-17.csv
2026-03-23 17:16:08,367  INFO        [PG] Fetching 2025-05-02 x 2025-05-09 ...
2026-03-23 17:16:09,830  INFO        [PG] Saved  60 rows -> PG/phase2/PG_2025-05-02_2025-05-09.csv
2026-03-23 17:16:09,831  INFO        [PG] Fetching 2025-05-02 x 2025-05-30 ...
2026-03-23 17:16:11,178  INFO        [PG] Saved  60 rows -> PG/phase2/PG_2025-05-02_2025-05-30.csv
2026-03-23 17:16:11,179  INFO        [PG] Fetching 2025-05-02 x 2025-07-18 ...
2026-03-23 17:16:13,082  INFO        [PG] Saved  58 rows -> PG/phase2/PG_2025-05-02_2025-07-18.csv
2026-03-23 17:16:13,083  INFO        [PG] Fetching 2025-05-02 x 2025-10-17 ...
2026-03-23 17:16:14,544  INFO        [PG] Saved  58 rows -> PG/phase2/PG_2025-05-02_2025-10-17.csv
2026-03-23 17:16:16,080  INFO        [CAT] Fetching 2025-05-02 x 2025-05-09 ...
2026-03-23 17:16:17,476  INFO        [CAT] Saved  60 rows -> CAT/phase2/CAT_2025-05-02_2025-05-09.csv
2026-03-23 17:16:17,477  INFO        [CAT] Fetching 2025-05-02 x 2025-05-30 ...
2026-03-23 17:16:18,748  INFO        [CAT] Saved  60 rows -> CAT/phase2/CAT_2025-05-02_2025-05-30.csv
2026-03-23 17:16:18,749  INFO        [CAT] Fetching 2025-05-02 x 2025-07-18 ...
2026-03-23 17:16:20,117  INFO        [CAT] Saved  60 rows -> CAT/phase2/CAT_2025-05-02_2025-07-18.csv
2026-03-23 17:16:20,118  INFO        [CAT] Fetching 2025-05-02 x 2025-11-21 ...
2026-03-23 17:16:21,923  INFO        [CAT] Saved  60 rows -> CAT/phase2/CAT_2025-05-02_2025-11-21.csv
2026-03-23 17:16:21,924  INFO      
[23/27] 2025-05-05
2026-03-23 17:16:23,958  INFO        [AAPL] Fetching 2025-05-05 x 2025-05-09 ...
2026-03-23 17:16:25,414  INFO        [AAPL] Saved  60 rows -> AAPL/phase2/AAPL_2025-05-05_2025-05-09.csv
2026-03-23 17:16:25,415  INFO        [AAPL] Fetching 2025-05-05 x 2025-06-06 ...
2026-03-23 17:16:27,238  INFO        [AAPL] Saved  60 rows -> AAPL/phase2/AAPL_2025-05-05_2025-06-06.csv
2026-03-23 17:16:27,239  INFO        [AAPL] Fetching 2025-05-05 x 2025-08-15 ...
2026-03-23 17:16:29,184  INFO        [AAPL] Saved  60 rows -> AAPL/phase2/AAPL_2025-05-05_2025-08-15.csv
2026-03-23 17:16:29,184  INFO        [AAPL] Fetching 2025-05-05 x 2025-10-17 ...
2026-03-23 17:16:30,626  INFO        [AAPL] Saved  60 rows -> AAPL/phase2/AAPL_2025-05-05_2025-10-17.csv
2026-03-23 17:16:32,949  INFO        [NVDA] Fetching 2025-05-05 x 2025-05-09 ...
2026-03-23 17:16:34,207  INFO        [NVDA] Saved  60 rows -> NVDA/phase2/NVDA_2025-05-05_2025-05-09.csv
2026-03-23 17:16:34,208  INFO        [NVDA] Fetching 2025-05-05 x 2025-06-06 ...
2026-03-23 17:16:36,043  INFO        [NVDA] Saved  60 rows -> NVDA/phase2/NVDA_2025-05-05_2025-06-06.csv
2026-03-23 17:16:36,044  INFO        [NVDA] Fetching 2025-05-05 x 2025-08-15 ...
2026-03-23 17:16:37,823  INFO        [NVDA] Saved  60 rows -> NVDA/phase2/NVDA_2025-05-05_2025-08-15.csv
2026-03-23 17:16:37,824  INFO        [NVDA] Fetching 2025-05-05 x 2025-10-17 ...
2026-03-23 17:16:39,216  INFO        [NVDA] Saved  60 rows -> NVDA/phase2/NVDA_2025-05-05_2025-10-17.csv
2026-03-23 17:16:40,955  INFO        [AMZN] Fetching 2025-05-05 x 2025-05-09 ...
2026-03-23 17:16:42,801  INFO        [AMZN] Saved  60 rows -> AMZN/phase2/AMZN_2025-05-05_2025-05-09.csv
2026-03-23 17:16:42,802  INFO        [AMZN] Fetching 2025-05-05 x 2025-06-06 ...
2026-03-23 17:16:43,963  INFO        [AMZN] Saved  60 rows -> AMZN/phase2/AMZN_2025-05-05_2025-06-06.csv
2026-03-23 17:16:43,963  INFO        [AMZN] Fetching 2025-05-05 x 2025-08-15 ...
2026-03-23 17:16:45,573  INFO        [AMZN] Saved  60 rows -> AMZN/phase2/AMZN_2025-05-05_2025-08-15.csv
2026-03-23 17:16:45,574  INFO        [AMZN] Fetching 2025-05-05 x 2025-10-17 ...
2026-03-23 17:16:46,908  INFO        [AMZN] Saved  60 rows -> AMZN/phase2/AMZN_2025-05-05_2025-10-17.csv
2026-03-23 17:16:49,091  INFO        [PG] Fetching 2025-05-05 x 2025-05-09 ...
2026-03-23 17:16:50,419  INFO        [PG] Saved  60 rows -> PG/phase2/PG_2025-05-05_2025-05-09.csv
2026-03-23 17:16:50,420  INFO        [PG] Fetching 2025-05-05 x 2025-06-06 ...
2026-03-23 17:16:51,859  INFO        [PG] Saved  60 rows -> PG/phase2/PG_2025-05-05_2025-06-06.csv
2026-03-23 17:16:51,860  INFO        [PG] Fetching 2025-05-05 x 2025-07-18 ...
2026-03-23 17:16:53,126  INFO        [PG] Saved  58 rows -> PG/phase2/PG_2025-05-05_2025-07-18.csv
2026-03-23 17:16:53,127  INFO        [PG] Fetching 2025-05-05 x 2025-10-17 ...
2026-03-23 17:16:55,307  INFO        [PG] Saved  58 rows -> PG/phase2/PG_2025-05-05_2025-10-17.csv
2026-03-23 17:16:57,347  INFO        [CAT] Fetching 2025-05-05 x 2025-05-09 ...
2026-03-23 17:16:58,785  INFO        [CAT] Saved  60 rows -> CAT/phase2/CAT_2025-05-05_2025-05-09.csv
2026-03-23 17:16:58,787  INFO        [CAT] Fetching 2025-05-05 x 2025-06-06 ...
2026-03-23 17:17:00,217  INFO        [CAT] Saved  60 rows -> CAT/phase2/CAT_2025-05-05_2025-06-06.csv
2026-03-23 17:17:00,218  INFO        [CAT] Fetching 2025-05-05 x 2025-08-15 ...
2026-03-23 17:17:01,682  INFO        [CAT] Saved  60 rows -> CAT/phase2/CAT_2025-05-05_2025-08-15.csv
2026-03-23 17:17:01,683  INFO        [CAT] Fetching 2025-05-05 x 2025-11-21 ...
2026-03-23 17:17:03,478  INFO        [CAT] Saved  60 rows -> CAT/phase2/CAT_2025-05-05_2025-11-21.csv
2026-03-23 17:17:03,479  INFO      
[24/27] 2025-05-06
2026-03-23 17:17:05,326  INFO        [AAPL] Fetching 2025-05-06 x 2025-05-16 ...
2026-03-23 17:17:07,286  INFO        [AAPL] Saved  60 rows -> AAPL/phase2/AAPL_2025-05-06_2025-05-16.csv
2026-03-23 17:17:07,286  INFO        [AAPL] Fetching 2025-05-06 x 2025-06-06 ...
2026-03-23 17:17:09,167  INFO        [AAPL] Saved  60 rows -> AAPL/phase2/AAPL_2025-05-06_2025-06-06.csv
2026-03-23 17:17:09,168  INFO        [AAPL] Fetching 2025-05-06 x 2025-08-15 ...
2026-03-23 17:17:10,656  INFO        [AAPL] Saved  60 rows -> AAPL/phase2/AAPL_2025-05-06_2025-08-15.csv
2026-03-23 17:17:10,657  INFO        [AAPL] Fetching 2025-05-06 x 2025-10-17 ...
2026-03-23 17:17:12,092  INFO        [AAPL] Saved  60 rows -> AAPL/phase2/AAPL_2025-05-06_2025-10-17.csv
2026-03-23 17:17:14,237  INFO        [NVDA] Fetching 2025-05-06 x 2025-05-16 ...
2026-03-23 17:17:15,483  INFO        [NVDA] Saved  60 rows -> NVDA/phase2/NVDA_2025-05-06_2025-05-16.csv
2026-03-23 17:17:15,484  INFO        [NVDA] Fetching 2025-05-06 x 2025-06-06 ...
2026-03-23 17:17:16,806  INFO        [NVDA] Saved  60 rows -> NVDA/phase2/NVDA_2025-05-06_2025-06-06.csv
2026-03-23 17:17:16,807  INFO        [NVDA] Fetching 2025-05-06 x 2025-08-15 ...
2026-03-23 17:17:18,744  INFO        [NVDA] Saved  60 rows -> NVDA/phase2/NVDA_2025-05-06_2025-08-15.csv
2026-03-23 17:17:18,744  INFO        [NVDA] Fetching 2025-05-06 x 2025-10-17 ...
2026-03-23 17:17:20,085  INFO        [NVDA] Saved  60 rows -> NVDA/phase2/NVDA_2025-05-06_2025-10-17.csv
2026-03-23 17:17:21,748  INFO        [AMZN] Fetching 2025-05-06 x 2025-05-16 ...
2026-03-23 17:17:23,766  INFO        [AMZN] Saved  60 rows -> AMZN/phase2/AMZN_2025-05-06_2025-05-16.csv
2026-03-23 17:17:23,767  INFO        [AMZN] Fetching 2025-05-06 x 2025-06-06 ...
2026-03-23 17:17:25,041  INFO        [AMZN] Saved  60 rows -> AMZN/phase2/AMZN_2025-05-06_2025-06-06.csv
2026-03-23 17:17:25,042  INFO        [AMZN] Fetching 2025-05-06 x 2025-08-15 ...
2026-03-23 17:17:26,944  INFO        [AMZN] Saved  60 rows -> AMZN/phase2/AMZN_2025-05-06_2025-08-15.csv
2026-03-23 17:17:26,945  INFO        [AMZN] Fetching 2025-05-06 x 2025-10-17 ...
2026-03-23 17:17:28,779  INFO        [AMZN] Saved  60 rows -> AMZN/phase2/AMZN_2025-05-06_2025-10-17.csv
2026-03-23 17:17:30,625  INFO        [PG] Fetching 2025-05-06 x 2025-05-16 ...
2026-03-23 17:17:32,365  INFO        [PG] Saved  60 rows -> PG/phase2/PG_2025-05-06_2025-05-16.csv
2026-03-23 17:17:32,365  INFO        [PG] Fetching 2025-05-06 x 2025-06-06 ...
2026-03-23 17:17:34,310  INFO        [PG] Saved  60 rows -> PG/phase2/PG_2025-05-06_2025-06-06.csv
2026-03-23 17:17:34,311  INFO        [PG] Fetching 2025-05-06 x 2025-07-18 ...
2026-03-23 17:17:35,538  INFO        [PG] Saved  58 rows -> PG/phase2/PG_2025-05-06_2025-07-18.csv
2026-03-23 17:17:35,539  INFO        [PG] Fetching 2025-05-06 x 2025-10-17 ...
2026-03-23 17:17:37,486  INFO        [PG] Saved  58 rows -> PG/phase2/PG_2025-05-06_2025-10-17.csv
2026-03-23 17:17:39,025  INFO        [CAT] Fetching 2025-05-06 x 2025-05-16 ...
2026-03-23 17:17:40,353  INFO        [CAT] Saved  60 rows -> CAT/phase2/CAT_2025-05-06_2025-05-16.csv
2026-03-23 17:17:40,354  INFO        [CAT] Fetching 2025-05-06 x 2025-06-06 ...
2026-03-23 17:17:41,498  INFO        [CAT] Saved  60 rows -> CAT/phase2/CAT_2025-05-06_2025-06-06.csv
2026-03-23 17:17:41,499  INFO        [CAT] Fetching 2025-05-06 x 2025-08-15 ...
2026-03-23 17:17:42,916  INFO        [CAT] Saved  60 rows -> CAT/phase2/CAT_2025-05-06_2025-08-15.csv
2026-03-23 17:17:42,918  INFO        [CAT] Fetching 2025-05-06 x 2025-11-21 ...
2026-03-23 17:17:44,756  INFO        [CAT] Saved  60 rows -> CAT/phase2/CAT_2025-05-06_2025-11-21.csv
2026-03-23 17:17:44,756  INFO      
[25/27] 2025-05-07
2026-03-23 17:17:47,138  INFO        [AAPL] Fetching 2025-05-07 x 2025-05-16 ...
2026-03-23 17:17:48,746  INFO        [AAPL] Saved  60 rows -> AAPL/phase2/AAPL_2025-05-07_2025-05-16.csv
2026-03-23 17:17:48,747  INFO        [AAPL] Fetching 2025-05-07 x 2025-06-06 ...
2026-03-23 17:17:50,387  INFO        [AAPL] Saved  60 rows -> AAPL/phase2/AAPL_2025-05-07_2025-06-06.csv
2026-03-23 17:17:50,388  INFO        [AAPL] Fetching 2025-05-07 x 2025-08-15 ...
2026-03-23 17:17:51,865  INFO        [AAPL] Saved  60 rows -> AAPL/phase2/AAPL_2025-05-07_2025-08-15.csv
2026-03-23 17:17:51,866  INFO        [AAPL] Fetching 2025-05-07 x 2025-10-17 ...
2026-03-23 17:17:53,789  INFO        [AAPL] Saved  60 rows -> AAPL/phase2/AAPL_2025-05-07_2025-10-17.csv
2026-03-23 17:17:56,843  INFO        [NVDA] Fetching 2025-05-07 x 2025-05-16 ...
2026-03-23 17:17:58,790  INFO        [NVDA] Saved  60 rows -> NVDA/phase2/NVDA_2025-05-07_2025-05-16.csv
2026-03-23 17:17:58,791  INFO        [NVDA] Fetching 2025-05-07 x 2025-06-06 ...
2026-03-23 17:18:00,228  INFO        [NVDA] Saved  60 rows -> NVDA/phase2/NVDA_2025-05-07_2025-06-06.csv
2026-03-23 17:18:00,229  INFO        [NVDA] Fetching 2025-05-07 x 2025-08-15 ...
2026-03-23 17:18:01,841  INFO        [NVDA] Saved  60 rows -> NVDA/phase2/NVDA_2025-05-07_2025-08-15.csv
2026-03-23 17:18:01,842  INFO        [NVDA] Fetching 2025-05-07 x 2025-10-17 ...
2026-03-23 17:18:03,514  INFO        [NVDA] Saved  60 rows -> NVDA/phase2/NVDA_2025-05-07_2025-10-17.csv
2026-03-23 17:18:05,443  INFO        [AMZN] Fetching 2025-05-07 x 2025-05-16 ...
2026-03-23 17:18:06,976  INFO        [AMZN] Saved  60 rows -> AMZN/phase2/AMZN_2025-05-07_2025-05-16.csv
2026-03-23 17:18:06,977  INFO        [AMZN] Fetching 2025-05-07 x 2025-06-06 ...
2026-03-23 17:18:08,791  INFO        [AMZN] Saved  60 rows -> AMZN/phase2/AMZN_2025-05-07_2025-06-06.csv
2026-03-23 17:18:08,792  INFO        [AMZN] Fetching 2025-05-07 x 2025-08-15 ...
2026-03-23 17:18:10,876  INFO        [AMZN] Saved  60 rows -> AMZN/phase2/AMZN_2025-05-07_2025-08-15.csv
2026-03-23 17:18:10,877  INFO        [AMZN] Fetching 2025-05-07 x 2025-10-17 ...
2026-03-23 17:18:12,609  INFO        [AMZN] Saved  60 rows -> AMZN/phase2/AMZN_2025-05-07_2025-10-17.csv
2026-03-23 17:18:14,245  INFO        [PG] Fetching 2025-05-07 x 2025-05-16 ...
2026-03-23 17:18:15,840  INFO        [PG] Saved  60 rows -> PG/phase2/PG_2025-05-07_2025-05-16.csv
2026-03-23 17:18:15,841  INFO        [PG] Fetching 2025-05-07 x 2025-06-06 ...
2026-03-23 17:18:17,251  INFO        [PG] Saved  60 rows -> PG/phase2/PG_2025-05-07_2025-06-06.csv
2026-03-23 17:18:17,252  INFO        [PG] Fetching 2025-05-07 x 2025-07-18 ...
2026-03-23 17:18:18,592  INFO        [PG] Saved  58 rows -> PG/phase2/PG_2025-05-07_2025-07-18.csv
2026-03-23 17:18:18,593  INFO        [PG] Fetching 2025-05-07 x 2025-10-17 ...
2026-03-23 17:18:19,936  INFO        [PG] Saved  58 rows -> PG/phase2/PG_2025-05-07_2025-10-17.csv
2026-03-23 17:18:22,029  INFO        [CAT] Fetching 2025-05-07 x 2025-05-16 ...
2026-03-23 17:18:24,625  INFO        [CAT] Saved  60 rows -> CAT/phase2/CAT_2025-05-07_2025-05-16.csv
2026-03-23 17:18:24,632  INFO        [CAT] Fetching 2025-05-07 x 2025-06-06 ...
2026-03-23 17:18:27,685  INFO        [CAT] Saved  60 rows -> CAT/phase2/CAT_2025-05-07_2025-06-06.csv
2026-03-23 17:18:27,687  INFO        [CAT] Fetching 2025-05-07 x 2025-08-15 ...
2026-03-23 17:18:30,396  INFO        [CAT] Saved  60 rows -> CAT/phase2/CAT_2025-05-07_2025-08-15.csv
2026-03-23 17:18:30,404  INFO        [CAT] Fetching 2025-05-07 x 2025-11-21 ...
2026-03-23 17:18:33,251  INFO        [CAT] Saved  60 rows -> CAT/phase2/CAT_2025-05-07_2025-11-21.csv
2026-03-23 17:18:33,256  INFO      
[26/27] 2025-05-08
2026-03-23 17:18:36,292  INFO        [AAPL] Fetching 2025-05-08 x 2025-05-16 ...
2026-03-23 17:18:38,932  INFO        [AAPL] Saved  60 rows -> AAPL/phase2/AAPL_2025-05-08_2025-05-16.csv
2026-03-23 17:18:38,934  INFO        [AAPL] Fetching 2025-05-08 x 2025-06-06 ...
2026-03-23 17:18:41,715  INFO        [AAPL] Saved  60 rows -> AAPL/phase2/AAPL_2025-05-08_2025-06-06.csv
2026-03-23 17:18:41,718  INFO        [AAPL] Fetching 2025-05-08 x 2025-08-15 ...
2026-03-23 17:18:43,538  INFO        [AAPL] Saved  60 rows -> AAPL/phase2/AAPL_2025-05-08_2025-08-15.csv
2026-03-23 17:18:43,539  INFO        [AAPL] Fetching 2025-05-08 x 2025-10-17 ...
2026-03-23 17:18:45,029  INFO        [AAPL] Saved  60 rows -> AAPL/phase2/AAPL_2025-05-08_2025-10-17.csv
2026-03-23 17:18:47,650  INFO        [NVDA] Fetching 2025-05-08 x 2025-05-16 ...
2026-03-23 17:18:49,163  INFO        [NVDA] Saved  60 rows -> NVDA/phase2/NVDA_2025-05-08_2025-05-16.csv
2026-03-23 17:18:49,164  INFO        [NVDA] Fetching 2025-05-08 x 2025-06-06 ...
2026-03-23 17:18:50,598  INFO        [NVDA] Saved  60 rows -> NVDA/phase2/NVDA_2025-05-08_2025-06-06.csv
2026-03-23 17:18:50,599  INFO        [NVDA] Fetching 2025-05-08 x 2025-08-15 ...
2026-03-23 17:18:52,532  INFO        [NVDA] Saved  60 rows -> NVDA/phase2/NVDA_2025-05-08_2025-08-15.csv
2026-03-23 17:18:52,533  INFO        [NVDA] Fetching 2025-05-08 x 2025-11-21 ...
2026-03-23 17:18:53,797  INFO        [NVDA] Saved  60 rows -> NVDA/phase2/NVDA_2025-05-08_2025-11-21.csv
2026-03-23 17:18:55,413  INFO        [AMZN] Fetching 2025-05-08 x 2025-05-16 ...
2026-03-23 17:18:56,674  INFO        [AMZN] Saved  60 rows -> AMZN/phase2/AMZN_2025-05-08_2025-05-16.csv
2026-03-23 17:18:56,675  INFO        [AMZN] Fetching 2025-05-08 x 2025-06-06 ...
2026-03-23 17:18:58,797  INFO        [AMZN] Saved  60 rows -> AMZN/phase2/AMZN_2025-05-08_2025-06-06.csv
2026-03-23 17:18:58,798  INFO        [AMZN] Fetching 2025-05-08 x 2025-08-15 ...
2026-03-23 17:19:00,125  INFO        [AMZN] Saved  60 rows -> AMZN/phase2/AMZN_2025-05-08_2025-08-15.csv
2026-03-23 17:19:00,125  INFO        [AMZN] Fetching 2025-05-08 x 2025-11-21 ...
2026-03-23 17:19:01,973  INFO        [AMZN] Saved  60 rows -> AMZN/phase2/AMZN_2025-05-08_2025-11-21.csv
2026-03-23 17:19:03,708  INFO        [PG] Fetching 2025-05-08 x 2025-05-16 ...
2026-03-23 17:19:06,066  INFO        [PG] Saved  60 rows -> PG/phase2/PG_2025-05-08_2025-05-16.csv
2026-03-23 17:19:06,067  INFO        [PG] Fetching 2025-05-08 x 2025-06-06 ...
2026-03-23 17:19:07,411  INFO        [PG] Saved  60 rows -> PG/phase2/PG_2025-05-08_2025-06-06.csv
2026-03-23 17:19:07,412  INFO        [PG] Fetching 2025-05-08 x 2025-07-18 ...
2026-03-23 17:19:08,991  INFO        [PG] Saved  58 rows -> PG/phase2/PG_2025-05-08_2025-07-18.csv
2026-03-23 17:19:08,992  INFO        [PG] Fetching 2025-05-08 x 2025-10-17 ...
2026-03-23 17:19:11,287  INFO        [PG] Saved  58 rows -> PG/phase2/PG_2025-05-08_2025-10-17.csv
2026-03-23 17:19:13,020  INFO        [CAT] Fetching 2025-05-08 x 2025-05-16 ...
2026-03-23 17:19:14,459  INFO        [CAT] Saved  60 rows -> CAT/phase2/CAT_2025-05-08_2025-05-16.csv
2026-03-23 17:19:14,460  INFO        [CAT] Fetching 2025-05-08 x 2025-06-06 ...
2026-03-23 17:19:16,839  INFO        [CAT] Saved  60 rows -> CAT/phase2/CAT_2025-05-08_2025-06-06.csv
2026-03-23 17:19:16,846  INFO        [CAT] Fetching 2025-05-08 x 2025-08-15 ...
2026-03-23 17:19:19,176  INFO        [CAT] Saved  60 rows -> CAT/phase2/CAT_2025-05-08_2025-08-15.csv
2026-03-23 17:19:19,177  INFO        [CAT] Fetching 2025-05-08 x 2025-11-21 ...
2026-03-23 17:19:21,127  INFO        [CAT] Saved  60 rows -> CAT/phase2/CAT_2025-05-08_2025-11-21.csv
2026-03-23 17:19:21,128  INFO      
[27/27] 2025-05-09
2026-03-23 17:19:23,310  INFO        [AAPL] Fetching 2025-05-09 x 2025-05-16 ...
2026-03-23 17:19:25,431  INFO        [AAPL] Saved  60 rows -> AAPL/phase2/AAPL_2025-05-09_2025-05-16.csv
2026-03-23 17:19:25,432  INFO        [AAPL] Fetching 2025-05-09 x 2025-06-06 ...
2026-03-23 17:19:27,167  INFO        [AAPL] Saved  60 rows -> AAPL/phase2/AAPL_2025-05-09_2025-06-06.csv
2026-03-23 17:19:27,180  INFO        [AAPL] Fetching 2025-05-09 x 2025-08-15 ...
2026-03-23 17:19:28,794  INFO        [AAPL] Saved  60 rows -> AAPL/phase2/AAPL_2025-05-09_2025-08-15.csv
2026-03-23 17:19:28,794  INFO        [AAPL] Fetching 2025-05-09 x 2025-10-17 ...
2026-03-23 17:19:30,856  INFO        [AAPL] Saved  60 rows -> AAPL/phase2/AAPL_2025-05-09_2025-10-17.csv
2026-03-23 17:19:32,989  INFO        [NVDA] Fetching 2025-05-09 x 2025-05-16 ...
2026-03-23 17:19:34,950  INFO        [NVDA] Saved  60 rows -> NVDA/phase2/NVDA_2025-05-09_2025-05-16.csv
2026-03-23 17:19:34,951  INFO        [NVDA] Fetching 2025-05-09 x 2025-06-06 ...
2026-03-23 17:19:36,993  INFO        [NVDA] Saved  60 rows -> NVDA/phase2/NVDA_2025-05-09_2025-06-06.csv
2026-03-23 17:19:36,994  INFO        [NVDA] Fetching 2025-05-09 x 2025-08-15 ...
2026-03-23 17:19:38,937  INFO        [NVDA] Saved  60 rows -> NVDA/phase2/NVDA_2025-05-09_2025-08-15.csv
2026-03-23 17:19:38,938  INFO        [NVDA] Fetching 2025-05-09 x 2025-11-21 ...
2026-03-23 17:19:40,274  INFO        [NVDA] Saved  60 rows -> NVDA/phase2/NVDA_2025-05-09_2025-11-21.csv
2026-03-23 17:19:41,924  INFO        [AMZN] Fetching 2025-05-09 x 2025-05-16 ...
2026-03-23 17:19:43,333  INFO        [AMZN] Saved  60 rows -> AMZN/phase2/AMZN_2025-05-09_2025-05-16.csv
2026-03-23 17:19:43,334  INFO        [AMZN] Fetching 2025-05-09 x 2025-06-06 ...
2026-03-23 17:19:45,380  INFO        [AMZN] Saved  60 rows -> AMZN/phase2/AMZN_2025-05-09_2025-06-06.csv
2026-03-23 17:19:45,380  INFO        [AMZN] Fetching 2025-05-09 x 2025-08-15 ...
2026-03-23 17:19:46,916  INFO        [AMZN] Saved  60 rows -> AMZN/phase2/AMZN_2025-05-09_2025-08-15.csv
2026-03-23 17:19:46,917  INFO        [AMZN] Fetching 2025-05-09 x 2025-11-21 ...
2026-03-23 17:19:48,768  INFO        [AMZN] Saved  60 rows -> AMZN/phase2/AMZN_2025-05-09_2025-11-21.csv
2026-03-23 17:19:50,294  INFO        [PG] Fetching 2025-05-09 x 2025-05-16 ...
2026-03-23 17:19:51,626  INFO        [PG] Saved  60 rows -> PG/phase2/PG_2025-05-09_2025-05-16.csv
2026-03-23 17:19:51,627  INFO        [PG] Fetching 2025-05-09 x 2025-06-06 ...
2026-03-23 17:19:52,960  INFO        [PG] Saved  60 rows -> PG/phase2/PG_2025-05-09_2025-06-06.csv
2026-03-23 17:19:52,961  INFO        [PG] Fetching 2025-05-09 x 2025-07-18 ...
2026-03-23 17:19:54,809  INFO        [PG] Saved  58 rows -> PG/phase2/PG_2025-05-09_2025-07-18.csv
2026-03-23 17:19:54,810  INFO        [PG] Fetching 2025-05-09 x 2025-10-17 ...
2026-03-23 17:19:56,444  INFO        [PG] Saved  58 rows -> PG/phase2/PG_2025-05-09_2025-10-17.csv
2026-03-23 17:19:57,873  INFO        [CAT] Fetching 2025-05-09 x 2025-05-16 ...
2026-03-23 17:19:59,835  INFO        [CAT] Saved  60 rows -> CAT/phase2/CAT_2025-05-09_2025-05-16.csv
2026-03-23 17:19:59,836  INFO        [CAT] Fetching 2025-05-09 x 2025-06-06 ...
2026-03-23 17:20:01,358  INFO        [CAT] Saved  60 rows -> CAT/phase2/CAT_2025-05-09_2025-06-06.csv
2026-03-23 17:20:01,359  INFO        [CAT] Fetching 2025-05-09 x 2025-08-15 ...
2026-03-23 17:20:02,789  INFO        [CAT] Saved  60 rows -> CAT/phase2/CAT_2025-05-09_2025-08-15.csv
2026-03-23 17:20:02,790  INFO        [CAT] Fetching 2025-05-09 x 2025-11-21 ...
2026-03-23 17:20:04,233  INFO        [CAT] Saved  60 rows -> CAT/phase2/CAT_2025-05-09_2025-11-21.csv
2026-03-23 17:20:04,233  INFO      
Phase 2 complete. 540 files saved.
2026-03-23 17:20:29,440  INFO      
============================================================
Phase 3: recovery
Dates: 2025-05-12 -> 2026-01-12  (36 collection days)
Tickers: ['AAPL', 'NVDA', 'AMZN', 'PG', 'CAT']
Strike limit: 20
============================================================
2026-03-23 17:20:29,440  INFO      
[1/36] 2025-05-12
2026-03-23 17:20:31,555  INFO        [AAPL] Fetching 2025-05-12 x 2025-05-16 ...
2026-03-23 17:20:33,075  INFO        [AAPL] Saved  40 rows -> AAPL/phase3/AAPL_2025-05-12_2025-05-16.csv
2026-03-23 17:20:33,075  INFO        [AAPL] Fetching 2025-05-12 x 2025-06-13 ...
2026-03-23 17:20:34,945  INFO        [AAPL] Saved  40 rows -> AAPL/phase3/AAPL_2025-05-12_2025-06-13.csv
2026-03-23 17:20:34,946  INFO        [AAPL] Fetching 2025-05-12 x 2025-08-15 ...
2026-03-23 17:20:36,790  INFO        [AAPL] Saved  40 rows -> AAPL/phase3/AAPL_2025-05-12_2025-08-15.csv
2026-03-23 17:20:36,791  INFO        [AAPL] Fetching 2025-05-12 x 2025-10-17 ...
2026-03-23 17:20:38,035  INFO        [AAPL] Saved  40 rows -> AAPL/phase3/AAPL_2025-05-12_2025-10-17.csv
2026-03-23 17:20:40,979  INFO        [NVDA] Fetching 2025-05-12 x 2025-05-16 ...
2026-03-23 17:20:42,995  INFO        [NVDA] Saved  40 rows -> NVDA/phase3/NVDA_2025-05-12_2025-05-16.csv
2026-03-23 17:20:42,996  INFO        [NVDA] Fetching 2025-05-12 x 2025-06-13 ...
2026-03-23 17:20:44,903  INFO        [NVDA] Saved  40 rows -> NVDA/phase3/NVDA_2025-05-12_2025-06-13.csv
2026-03-23 17:20:44,904  INFO        [NVDA] Fetching 2025-05-12 x 2025-08-15 ...
2026-03-23 17:20:46,838  INFO        [NVDA] Saved  40 rows -> NVDA/phase3/NVDA_2025-05-12_2025-08-15.csv
2026-03-23 17:20:46,839  INFO        [NVDA] Fetching 2025-05-12 x 2025-11-21 ...
2026-03-23 17:20:48,645  INFO        [NVDA] Saved  40 rows -> NVDA/phase3/NVDA_2025-05-12_2025-11-21.csv
2026-03-23 17:20:50,403  INFO        [AMZN] Fetching 2025-05-12 x 2025-05-16 ...
2026-03-23 17:20:52,282  INFO        [AMZN] Saved  40 rows -> AMZN/phase3/AMZN_2025-05-12_2025-05-16.csv
2026-03-23 17:20:52,283  INFO        [AMZN] Fetching 2025-05-12 x 2025-06-13 ...
2026-03-23 17:20:54,092  INFO        [AMZN] Saved  40 rows -> AMZN/phase3/AMZN_2025-05-12_2025-06-13.csv
2026-03-23 17:20:54,093  INFO        [AMZN] Fetching 2025-05-12 x 2025-08-15 ...
2026-03-23 17:20:55,603  INFO        [AMZN] Saved  40 rows -> AMZN/phase3/AMZN_2025-05-12_2025-08-15.csv
2026-03-23 17:20:55,604  INFO        [AMZN] Fetching 2025-05-12 x 2025-11-21 ...
2026-03-23 17:20:56,869  INFO        [AMZN] Saved  40 rows -> AMZN/phase3/AMZN_2025-05-12_2025-11-21.csv
2026-03-23 17:20:59,105  INFO        [PG] Fetching 2025-05-12 x 2025-05-16 ...
2026-03-23 17:21:00,557  INFO        [PG] Saved  40 rows -> PG/phase3/PG_2025-05-12_2025-05-16.csv
2026-03-23 17:21:00,558  INFO        [PG] Fetching 2025-05-12 x 2025-06-13 ...
2026-03-23 17:21:02,183  INFO        [PG] Saved  40 rows -> PG/phase3/PG_2025-05-12_2025-06-13.csv
2026-03-23 17:21:02,183  INFO        [PG] Fetching 2025-05-12 x 2025-07-18 ...
2026-03-23 17:21:03,552  INFO        [PG] Saved  40 rows -> PG/phase3/PG_2025-05-12_2025-07-18.csv
2026-03-23 17:21:03,553  INFO        [PG] Fetching 2025-05-12 x 2025-10-17 ...
2026-03-23 17:21:05,577  INFO        [PG] Saved  40 rows -> PG/phase3/PG_2025-05-12_2025-10-17.csv
2026-03-23 17:21:07,301  INFO        [CAT] Fetching 2025-05-12 x 2025-05-16 ...
2026-03-23 17:21:09,570  INFO        [CAT] Saved  40 rows -> CAT/phase3/CAT_2025-05-12_2025-05-16.csv
2026-03-23 17:21:09,571  INFO        [CAT] Fetching 2025-05-12 x 2025-06-13 ...
2026-03-23 17:21:11,093  INFO        [CAT] Saved  40 rows -> CAT/phase3/CAT_2025-05-12_2025-06-13.csv
2026-03-23 17:21:11,094  INFO        [CAT] Fetching 2025-05-12 x 2025-08-15 ...
2026-03-23 17:21:12,936  INFO        [CAT] Saved  40 rows -> CAT/phase3/CAT_2025-05-12_2025-08-15.csv
2026-03-23 17:21:12,937  INFO        [CAT] Fetching 2025-05-12 x 2025-11-21 ...
2026-03-23 17:21:14,781  INFO        [CAT] Saved  40 rows -> CAT/phase3/CAT_2025-05-12_2025-11-21.csv
2026-03-23 17:21:14,782  INFO      
[2/36] 2025-05-19
2026-03-23 17:21:16,720  INFO        [AAPL] Fetching 2025-05-19 x 2025-05-23 ...
2026-03-23 17:21:18,153  INFO        [AAPL] Saved  40 rows -> AAPL/phase3/AAPL_2025-05-19_2025-05-23.csv
2026-03-23 17:21:18,155  INFO        [AAPL] Fetching 2025-05-19 x 2025-06-20 ...
2026-03-23 17:21:19,596  INFO        [AAPL] Saved  40 rows -> AAPL/phase3/AAPL_2025-05-19_2025-06-20.csv
2026-03-23 17:21:19,597  INFO        [AAPL] Fetching 2025-05-19 x 2025-08-15 ...
2026-03-23 17:21:21,021  INFO        [AAPL] Saved  40 rows -> AAPL/phase3/AAPL_2025-05-19_2025-08-15.csv
2026-03-23 17:21:21,022  INFO        [AAPL] Fetching 2025-05-19 x 2025-11-21 ...
2026-03-23 17:21:22,412  INFO        [AAPL] Saved  40 rows -> AAPL/phase3/AAPL_2025-05-19_2025-11-21.csv
2026-03-23 17:21:24,713  INFO        [NVDA] Fetching 2025-05-19 x 2025-05-23 ...
2026-03-23 17:21:26,244  INFO        [NVDA] Saved  40 rows -> NVDA/phase3/NVDA_2025-05-19_2025-05-23.csv
2026-03-23 17:21:26,244  INFO        [NVDA] Fetching 2025-05-19 x 2025-06-20 ...
2026-03-23 17:21:28,191  INFO        [NVDA] Saved  40 rows -> NVDA/phase3/NVDA_2025-05-19_2025-06-20.csv
2026-03-23 17:21:28,192  INFO        [NVDA] Fetching 2025-05-19 x 2025-08-15 ...
2026-03-23 17:21:29,525  INFO        [NVDA] Saved  40 rows -> NVDA/phase3/NVDA_2025-05-19_2025-08-15.csv
2026-03-23 17:21:29,525  INFO        [NVDA] Fetching 2025-05-19 x 2025-11-21 ...
2026-03-23 17:21:31,365  INFO        [NVDA] Saved  40 rows -> NVDA/phase3/NVDA_2025-05-19_2025-11-21.csv
2026-03-23 17:21:33,418  INFO        [AMZN] Fetching 2025-05-19 x 2025-05-23 ...
2026-03-23 17:21:34,945  INFO        [AMZN] Saved  40 rows -> AMZN/phase3/AMZN_2025-05-19_2025-05-23.csv
2026-03-23 17:21:34,946  INFO        [AMZN] Fetching 2025-05-19 x 2025-06-20 ...
2026-03-23 17:21:37,510  INFO        [AMZN] Saved  40 rows -> AMZN/phase3/AMZN_2025-05-19_2025-06-20.csv
2026-03-23 17:21:37,511  INFO        [AMZN] Fetching 2025-05-19 x 2025-08-15 ...
2026-03-23 17:21:39,328  INFO        [AMZN] Saved  40 rows -> AMZN/phase3/AMZN_2025-05-19_2025-08-15.csv
2026-03-23 17:21:39,329  INFO        [AMZN] Fetching 2025-05-19 x 2025-11-21 ...
2026-03-23 17:21:40,790  INFO        [AMZN] Saved  40 rows -> AMZN/phase3/AMZN_2025-05-19_2025-11-21.csv
2026-03-23 17:21:42,523  INFO        [PG] Fetching 2025-05-19 x 2025-05-23 ...
2026-03-23 17:21:44,068  INFO        [PG] Saved  40 rows -> PG/phase3/PG_2025-05-19_2025-05-23.csv
2026-03-23 17:21:44,069  INFO        [PG] Fetching 2025-05-19 x 2025-06-20 ...
2026-03-23 17:21:45,393  INFO        [PG] Saved  40 rows -> PG/phase3/PG_2025-05-19_2025-06-20.csv
2026-03-23 17:21:45,394  INFO        [PG] Fetching 2025-05-19 x 2025-08-15 ...
2026-03-23 17:21:46,729  INFO        [PG] Saved  40 rows -> PG/phase3/PG_2025-05-19_2025-08-15.csv
2026-03-23 17:21:46,730  INFO        [PG] Fetching 2025-05-19 x 2025-10-17 ...
2026-03-23 17:21:48,264  INFO        [PG] Saved  40 rows -> PG/phase3/PG_2025-05-19_2025-10-17.csv
2026-03-23 17:21:50,933  INFO        [CAT] Fetching 2025-05-19 x 2025-05-23 ...
2026-03-23 17:21:52,882  INFO        [CAT] Saved  40 rows -> CAT/phase3/CAT_2025-05-19_2025-05-23.csv
2026-03-23 17:21:52,883  INFO        [CAT] Fetching 2025-05-19 x 2025-06-20 ...
2026-03-23 17:21:54,446  INFO        [CAT] Saved  40 rows -> CAT/phase3/CAT_2025-05-19_2025-06-20.csv
2026-03-23 17:21:54,447  INFO        [CAT] Fetching 2025-05-19 x 2025-08-15 ...
2026-03-23 17:21:56,463  INFO        [CAT] Saved  40 rows -> CAT/phase3/CAT_2025-05-19_2025-08-15.csv
2026-03-23 17:21:56,464  INFO        [CAT] Fetching 2025-05-19 x 2025-11-21 ...
2026-03-23 17:21:58,745  INFO        [CAT] Saved  40 rows -> CAT/phase3/CAT_2025-05-19_2025-11-21.csv
2026-03-23 17:21:58,745  INFO      
[3/36] 2025-05-27
2026-03-23 17:22:01,265  INFO        [AAPL] Fetching 2025-05-27 x 2025-06-06 ...
2026-03-23 17:22:02,905  INFO        [AAPL] Saved  40 rows -> AAPL/phase3/AAPL_2025-05-27_2025-06-06.csv
2026-03-23 17:22:02,907  INFO        [AAPL] Fetching 2025-05-27 x 2025-06-27 ...
2026-03-23 17:22:04,485  INFO        [AAPL] Saved  40 rows -> AAPL/phase3/AAPL_2025-05-27_2025-06-27.csv
2026-03-23 17:22:04,486  INFO        [AAPL] Fetching 2025-05-27 x 2025-08-15 ...
2026-03-23 17:22:05,896  INFO        [AAPL] Saved  40 rows -> AAPL/phase3/AAPL_2025-05-27_2025-08-15.csv
2026-03-23 17:22:05,898  INFO        [AAPL] Fetching 2025-05-27 x 2025-11-21 ...
2026-03-23 17:22:07,530  INFO        [AAPL] Saved  40 rows -> AAPL/phase3/AAPL_2025-05-27_2025-11-21.csv
2026-03-23 17:22:09,863  INFO        [NVDA] Fetching 2025-05-27 x 2025-06-06 ...
2026-03-23 17:22:11,092  INFO        [NVDA] Saved  40 rows -> NVDA/phase3/NVDA_2025-05-27_2025-06-06.csv
2026-03-23 17:22:11,093  INFO        [NVDA] Fetching 2025-05-27 x 2025-06-27 ...
2026-03-23 17:22:12,392  INFO        [NVDA] Saved  40 rows -> NVDA/phase3/NVDA_2025-05-27_2025-06-27.csv
2026-03-23 17:22:12,392  INFO        [NVDA] Fetching 2025-05-27 x 2025-08-15 ...
2026-03-23 17:22:13,853  INFO        [NVDA] Saved  40 rows -> NVDA/phase3/NVDA_2025-05-27_2025-08-15.csv
2026-03-23 17:22:13,854  INFO        [NVDA] Fetching 2025-05-27 x 2025-11-21 ...
2026-03-23 17:22:15,192  INFO        [NVDA] Saved  40 rows -> NVDA/phase3/NVDA_2025-05-27_2025-11-21.csv
2026-03-23 17:22:17,770  INFO        [AMZN] Fetching 2025-05-27 x 2025-06-06 ...
2026-03-23 17:22:19,017  INFO        [AMZN] Saved  40 rows -> AMZN/phase3/AMZN_2025-05-27_2025-06-06.csv
2026-03-23 17:22:19,018  INFO        [AMZN] Fetching 2025-05-27 x 2025-06-27 ...
2026-03-23 17:22:20,127  INFO        [AMZN] Saved  40 rows -> AMZN/phase3/AMZN_2025-05-27_2025-06-27.csv
2026-03-23 17:22:20,128  INFO        [AMZN] Fetching 2025-05-27 x 2025-08-15 ...
2026-03-23 17:22:21,961  INFO        [AMZN] Saved  40 rows -> AMZN/phase3/AMZN_2025-05-27_2025-08-15.csv
2026-03-23 17:22:21,962  INFO        [AMZN] Fetching 2025-05-27 x 2025-11-21 ...
2026-03-23 17:22:23,267  INFO        [AMZN] Saved  40 rows -> AMZN/phase3/AMZN_2025-05-27_2025-11-21.csv
2026-03-23 17:22:24,712  INFO        [PG] Fetching 2025-05-27 x 2025-06-06 ...
2026-03-23 17:22:26,049  INFO        [PG] Saved  40 rows -> PG/phase3/PG_2025-05-27_2025-06-06.csv
2026-03-23 17:22:26,050  INFO        [PG] Fetching 2025-05-27 x 2025-06-27 ...
2026-03-23 17:22:27,398  INFO        [PG] Saved  40 rows -> PG/phase3/PG_2025-05-27_2025-06-27.csv
2026-03-23 17:22:27,399  INFO        [PG] Fetching 2025-05-27 x 2025-08-15 ...
2026-03-23 17:22:28,810  INFO        [PG] Saved  40 rows -> PG/phase3/PG_2025-05-27_2025-08-15.csv
2026-03-23 17:22:28,811  INFO        [PG] Fetching 2025-05-27 x 2025-10-17 ...
2026-03-23 17:22:30,044  INFO        [PG] Saved  40 rows -> PG/phase3/PG_2025-05-27_2025-10-17.csv
2026-03-23 17:22:32,192  INFO        [CAT] Fetching 2025-05-27 x 2025-06-06 ...
2026-03-23 17:22:33,526  INFO        [CAT] Saved  40 rows -> CAT/phase3/CAT_2025-05-27_2025-06-06.csv
2026-03-23 17:22:33,527  INFO        [CAT] Fetching 2025-05-27 x 2025-06-27 ...
2026-03-23 17:22:34,853  INFO        [CAT] Saved  40 rows -> CAT/phase3/CAT_2025-05-27_2025-06-27.csv
2026-03-23 17:22:34,854  INFO        [CAT] Fetching 2025-05-27 x 2025-08-15 ...
2026-03-23 17:22:36,536  INFO        [CAT] Saved  40 rows -> CAT/phase3/CAT_2025-05-27_2025-08-15.csv
2026-03-23 17:22:36,537  INFO        [CAT] Fetching 2025-05-27 x 2025-11-21 ...
2026-03-23 17:22:37,721  INFO        [CAT] Saved  40 rows -> CAT/phase3/CAT_2025-05-27_2025-11-21.csv
2026-03-23 17:22:37,722  INFO      
[4/36] 2025-06-02
2026-03-23 17:22:39,326  INFO        [AAPL] Fetching 2025-06-02 x 2025-06-06 ...
2026-03-23 17:22:41,010  INFO        [AAPL] Saved  40 rows -> AAPL/phase3/AAPL_2025-06-02_2025-06-06.csv
2026-03-23 17:22:41,011  INFO        [AAPL] Fetching 2025-06-02 x 2025-07-03 ...
2026-03-23 17:22:42,133  INFO        [AAPL] Saved  40 rows -> AAPL/phase3/AAPL_2025-06-02_2025-07-03.csv
2026-03-23 17:22:42,134  INFO        [AAPL] Fetching 2025-06-02 x 2025-08-15 ...
2026-03-23 17:22:43,352  INFO        [AAPL] Saved  40 rows -> AAPL/phase3/AAPL_2025-06-02_2025-08-15.csv
2026-03-23 17:22:43,353  INFO        [AAPL] Fetching 2025-06-02 x 2025-11-21 ...
2026-03-23 17:22:44,792  INFO        [AAPL] Saved  40 rows -> AAPL/phase3/AAPL_2025-06-02_2025-11-21.csv
2026-03-23 17:22:46,838  INFO        [NVDA] Fetching 2025-06-02 x 2025-06-06 ...
2026-03-23 17:22:48,068  INFO        [NVDA] Saved  40 rows -> NVDA/phase3/NVDA_2025-06-02_2025-06-06.csv
2026-03-23 17:22:48,069  INFO        [NVDA] Fetching 2025-06-02 x 2025-07-03 ...
2026-03-23 17:22:49,401  INFO        [NVDA] Saved  40 rows -> NVDA/phase3/NVDA_2025-06-02_2025-07-03.csv
2026-03-23 17:22:49,402  INFO        [NVDA] Fetching 2025-06-02 x 2025-08-15 ...
2026-03-23 17:22:51,238  INFO        [NVDA] Saved  40 rows -> NVDA/phase3/NVDA_2025-06-02_2025-08-15.csv
2026-03-23 17:22:51,238  INFO        [NVDA] Fetching 2025-06-02 x 2025-11-21 ...
2026-03-23 17:22:52,533  INFO        [NVDA] Saved  40 rows -> NVDA/phase3/NVDA_2025-06-02_2025-11-21.csv
2026-03-23 17:22:53,895  INFO        [AMZN] Fetching 2025-06-02 x 2025-06-06 ...
2026-03-23 17:22:55,034  INFO        [AMZN] Saved  40 rows -> AMZN/phase3/AMZN_2025-06-02_2025-06-06.csv
2026-03-23 17:22:55,035  INFO        [AMZN] Fetching 2025-06-02 x 2025-07-03 ...
2026-03-23 17:22:56,256  INFO        [AMZN] Saved  40 rows -> AMZN/phase3/AMZN_2025-06-02_2025-07-03.csv
2026-03-23 17:22:56,257  INFO        [AMZN] Fetching 2025-06-02 x 2025-08-15 ...
2026-03-23 17:22:57,531  INFO        [AMZN] Saved  40 rows -> AMZN/phase3/AMZN_2025-06-02_2025-08-15.csv
2026-03-23 17:22:57,532  INFO        [AMZN] Fetching 2025-06-02 x 2025-11-21 ...
2026-03-23 17:22:59,025  INFO        [AMZN] Saved  40 rows -> AMZN/phase3/AMZN_2025-06-02_2025-11-21.csv
2026-03-23 17:23:00,450  INFO        [PG] Fetching 2025-06-02 x 2025-06-06 ...
2026-03-23 17:23:01,683  INFO        [PG] Saved  40 rows -> PG/phase3/PG_2025-06-02_2025-06-06.csv
2026-03-23 17:23:01,684  INFO        [PG] Fetching 2025-06-02 x 2025-07-03 ...
2026-03-23 17:23:02,914  INFO        [PG] Saved  40 rows -> PG/phase3/PG_2025-06-02_2025-07-03.csv
2026-03-23 17:23:02,915  INFO        [PG] Fetching 2025-06-02 x 2025-08-15 ...
2026-03-23 17:23:04,041  INFO        [PG] Saved  40 rows -> PG/phase3/PG_2025-06-02_2025-08-15.csv
2026-03-23 17:23:04,042  INFO        [PG] Fetching 2025-06-02 x 2025-10-17 ...
2026-03-23 17:23:05,373  INFO        [PG] Saved  40 rows -> PG/phase3/PG_2025-06-02_2025-10-17.csv
2026-03-23 17:23:07,008  INFO        [CAT] Fetching 2025-06-02 x 2025-06-06 ...
2026-03-23 17:23:08,347  INFO        [CAT] Saved  40 rows -> CAT/phase3/CAT_2025-06-02_2025-06-06.csv
2026-03-23 17:23:08,350  INFO        [CAT] Fetching 2025-06-02 x 2025-07-03 ...
2026-03-23 17:23:09,608  INFO        [CAT] Saved  40 rows -> CAT/phase3/CAT_2025-06-02_2025-07-03.csv
2026-03-23 17:23:09,609  INFO        [CAT] Fetching 2025-06-02 x 2025-08-15 ...
2026-03-23 17:23:11,108  INFO        [CAT] Saved  40 rows -> CAT/phase3/CAT_2025-06-02_2025-08-15.csv
2026-03-23 17:23:11,109  INFO        [CAT] Fetching 2025-06-02 x 2025-11-21 ...
2026-03-23 17:23:12,331  INFO        [CAT] Saved  40 rows -> CAT/phase3/CAT_2025-06-02_2025-11-21.csv
2026-03-23 17:23:12,331  INFO      
[5/36] 2025-06-09
2026-03-23 17:23:14,478  INFO        [AAPL] Fetching 2025-06-09 x 2025-06-13 ...
2026-03-23 17:23:15,814  INFO        [AAPL] Saved  40 rows -> AAPL/phase3/AAPL_2025-06-09_2025-06-13.csv
2026-03-23 17:23:15,815  INFO        [AAPL] Fetching 2025-06-09 x 2025-07-11 ...
2026-03-23 17:23:17,567  INFO        [AAPL] Saved  40 rows -> AAPL/phase3/AAPL_2025-06-09_2025-07-11.csv
2026-03-23 17:23:17,568  INFO        [AAPL] Fetching 2025-06-09 x 2025-09-19 ...
2026-03-23 17:23:19,296  INFO        [AAPL] Saved  40 rows -> AAPL/phase3/AAPL_2025-06-09_2025-09-19.csv
2026-03-23 17:23:19,297  INFO        [AAPL] Fetching 2025-06-09 x 2025-12-19 ...
2026-03-23 17:23:20,529  INFO        [AAPL] Saved  40 rows -> AAPL/phase3/AAPL_2025-06-09_2025-12-19.csv
2026-03-23 17:23:22,879  INFO        [NVDA] Fetching 2025-06-09 x 2025-06-13 ...
2026-03-23 17:23:24,929  INFO        [NVDA] Saved  40 rows -> NVDA/phase3/NVDA_2025-06-09_2025-06-13.csv
2026-03-23 17:23:24,930  INFO        [NVDA] Fetching 2025-06-09 x 2025-07-11 ...
2026-03-23 17:23:27,891  INFO        [NVDA] Saved  40 rows -> NVDA/phase3/NVDA_2025-06-09_2025-07-11.csv
2026-03-23 17:23:27,892  INFO        [NVDA] Fetching 2025-06-09 x 2025-09-19 ...
2026-03-23 17:23:29,635  INFO        [NVDA] Saved  40 rows -> NVDA/phase3/NVDA_2025-06-09_2025-09-19.csv
2026-03-23 17:23:29,636  INFO        [NVDA] Fetching 2025-06-09 x 2025-12-19 ...
2026-03-23 17:23:31,386  INFO        [NVDA] Saved  40 rows -> NVDA/phase3/NVDA_2025-06-09_2025-12-19.csv
2026-03-23 17:23:33,059  INFO        [AMZN] Fetching 2025-06-09 x 2025-06-13 ...
2026-03-23 17:23:34,265  INFO        [AMZN] Saved  40 rows -> AMZN/phase3/AMZN_2025-06-09_2025-06-13.csv
2026-03-23 17:23:34,266  INFO        [AMZN] Fetching 2025-06-09 x 2025-07-11 ...
2026-03-23 17:23:35,618  INFO        [AMZN] Saved  40 rows -> AMZN/phase3/AMZN_2025-06-09_2025-07-11.csv
2026-03-23 17:23:35,619  INFO        [AMZN] Fetching 2025-06-09 x 2025-09-19 ...
2026-03-23 17:23:36,920  INFO        [AMZN] Saved  40 rows -> AMZN/phase3/AMZN_2025-06-09_2025-09-19.csv
2026-03-23 17:23:36,921  INFO        [AMZN] Fetching 2025-06-09 x 2025-12-19 ...
2026-03-23 17:23:39,070  INFO        [AMZN] Saved  40 rows -> AMZN/phase3/AMZN_2025-06-09_2025-12-19.csv
2026-03-23 17:23:40,574  INFO        [PG] Fetching 2025-06-09 x 2025-06-13 ...
2026-03-23 17:23:42,094  INFO        [PG] Saved  40 rows -> PG/phase3/PG_2025-06-09_2025-06-13.csv
2026-03-23 17:23:42,095  INFO        [PG] Fetching 2025-06-09 x 2025-07-11 ...
2026-03-23 17:23:44,887  INFO        [PG] Saved  40 rows -> PG/phase3/PG_2025-06-09_2025-07-11.csv
2026-03-23 17:23:44,888  INFO        [PG] Fetching 2025-06-09 x 2025-09-19 ...
2026-03-23 17:23:46,410  INFO        [PG] Saved  40 rows -> PG/phase3/PG_2025-06-09_2025-09-19.csv
2026-03-23 17:23:46,411  INFO        [PG] Fetching 2025-06-09 x 2026-01-16 ...
2026-03-23 17:23:47,804  INFO        [PG] Saved  40 rows -> PG/phase3/PG_2025-06-09_2026-01-16.csv
2026-03-23 17:23:49,989  INFO        [CAT] Fetching 2025-06-09 x 2025-06-13 ...
2026-03-23 17:23:51,198  INFO        [CAT] Saved  40 rows -> CAT/phase3/CAT_2025-06-09_2025-06-13.csv
2026-03-23 17:23:51,198  INFO        [CAT] Fetching 2025-06-09 x 2025-07-11 ...
2026-03-23 17:23:52,513  INFO        [CAT] Saved  40 rows -> CAT/phase3/CAT_2025-06-09_2025-07-11.csv
2026-03-23 17:23:52,513  INFO        [CAT] Fetching 2025-06-09 x 2025-09-19 ...
2026-03-23 17:23:53,808  INFO        [CAT] Saved  40 rows -> CAT/phase3/CAT_2025-06-09_2025-09-19.csv
2026-03-23 17:23:53,809  INFO        [CAT] Fetching 2025-06-09 x 2025-11-21 ...
2026-03-23 17:23:54,927  INFO        [CAT] Saved  40 rows -> CAT/phase3/CAT_2025-06-09_2025-11-21.csv
2026-03-23 17:23:54,927  INFO      
[6/36] 2025-06-16
2026-03-23 17:23:56,873  INFO        [AAPL] Fetching 2025-06-16 x 2025-06-20 ...
2026-03-23 17:23:58,414  INFO        [AAPL] Saved  40 rows -> AAPL/phase3/AAPL_2025-06-16_2025-06-20.csv
2026-03-23 17:23:58,415  INFO        [AAPL] Fetching 2025-06-16 x 2025-07-18 ...
2026-03-23 17:23:59,741  INFO        [AAPL] Saved  40 rows -> AAPL/phase3/AAPL_2025-06-16_2025-07-18.csv
2026-03-23 17:23:59,742  INFO        [AAPL] Fetching 2025-06-16 x 2025-09-19 ...
2026-03-23 17:24:01,077  INFO        [AAPL] Saved  40 rows -> AAPL/phase3/AAPL_2025-06-16_2025-09-19.csv
2026-03-23 17:24:01,078  INFO        [AAPL] Fetching 2025-06-16 x 2025-12-19 ...
2026-03-23 17:24:02,925  INFO        [AAPL] Saved  40 rows -> AAPL/phase3/AAPL_2025-06-16_2025-12-19.csv
2026-03-23 17:24:05,572  INFO        [NVDA] Fetching 2025-06-16 x 2025-06-20 ...
2026-03-23 17:24:07,423  INFO        [NVDA] Saved  40 rows -> NVDA/phase3/NVDA_2025-06-16_2025-06-20.csv
2026-03-23 17:24:07,424  INFO        [NVDA] Fetching 2025-06-16 x 2025-07-18 ...
2026-03-23 17:24:08,690  INFO        [NVDA] Saved  40 rows -> NVDA/phase3/NVDA_2025-06-16_2025-07-18.csv
2026-03-23 17:24:08,691  INFO        [NVDA] Fetching 2025-06-16 x 2025-09-19 ...
2026-03-23 17:24:10,501  INFO        [NVDA] Saved  40 rows -> NVDA/phase3/NVDA_2025-06-16_2025-09-19.csv
2026-03-23 17:24:10,502  INFO        [NVDA] Fetching 2025-06-16 x 2025-12-19 ...
2026-03-23 17:24:11,780  INFO        [NVDA] Saved  40 rows -> NVDA/phase3/NVDA_2025-06-16_2025-12-19.csv
2026-03-23 17:24:13,154  INFO        [AMZN] Fetching 2025-06-16 x 2025-06-20 ...
2026-03-23 17:24:14,370  INFO        [AMZN] Saved  40 rows -> AMZN/phase3/AMZN_2025-06-16_2025-06-20.csv
2026-03-23 17:24:14,371  INFO        [AMZN] Fetching 2025-06-16 x 2025-07-18 ...
2026-03-23 17:24:15,715  INFO        [AMZN] Saved  40 rows -> AMZN/phase3/AMZN_2025-06-16_2025-07-18.csv
2026-03-23 17:24:15,716  INFO        [AMZN] Fetching 2025-06-16 x 2025-09-19 ...
2026-03-23 17:24:17,011  INFO        [AMZN] Saved  40 rows -> AMZN/phase3/AMZN_2025-06-16_2025-09-19.csv
2026-03-23 17:24:17,012  INFO        [AMZN] Fetching 2025-06-16 x 2025-12-19 ...
2026-03-23 17:24:18,277  INFO        [AMZN] Saved  40 rows -> AMZN/phase3/AMZN_2025-06-16_2025-12-19.csv
2026-03-23 17:24:19,706  INFO        [PG] Fetching 2025-06-16 x 2025-06-20 ...
2026-03-23 17:24:20,902  INFO        [PG] Saved  40 rows -> PG/phase3/PG_2025-06-16_2025-06-20.csv
2026-03-23 17:24:20,903  INFO        [PG] Fetching 2025-06-16 x 2025-07-18 ...
2026-03-23 17:24:22,279  INFO        [PG] Saved  40 rows -> PG/phase3/PG_2025-06-16_2025-07-18.csv
2026-03-23 17:24:22,280  INFO        [PG] Fetching 2025-06-16 x 2025-09-19 ...
2026-03-23 17:24:24,120  INFO        [PG] Saved  40 rows -> PG/phase3/PG_2025-06-16_2025-09-19.csv
2026-03-23 17:24:24,121  INFO        [PG] Fetching 2025-06-16 x 2026-01-16 ...
2026-03-23 17:24:25,888  INFO        [PG] Saved  40 rows -> PG/phase3/PG_2025-06-16_2026-01-16.csv
2026-03-23 17:24:27,484  INFO        [CAT] Fetching 2025-06-16 x 2025-06-20 ...
2026-03-23 17:24:28,935  INFO        [CAT] Saved  40 rows -> CAT/phase3/CAT_2025-06-16_2025-06-20.csv
2026-03-23 17:24:28,936  INFO        [CAT] Fetching 2025-06-16 x 2025-07-18 ...
2026-03-23 17:24:30,255  INFO        [CAT] Saved  40 rows -> CAT/phase3/CAT_2025-06-16_2025-07-18.csv
2026-03-23 17:24:30,256  INFO        [CAT] Fetching 2025-06-16 x 2025-09-19 ...
2026-03-23 17:24:31,789  INFO        [CAT] Saved  40 rows -> CAT/phase3/CAT_2025-06-16_2025-09-19.csv
2026-03-23 17:24:31,790  INFO        [CAT] Fetching 2025-06-16 x 2025-11-21 ...
2026-03-23 17:24:33,084  INFO        [CAT] Saved  40 rows -> CAT/phase3/CAT_2025-06-16_2025-11-21.csv
2026-03-23 17:24:33,085  INFO      
[7/36] 2025-06-23
2026-03-23 17:24:35,724  INFO        [AAPL] Fetching 2025-06-23 x 2025-06-27 ...
2026-03-23 17:24:36,968  INFO        [AAPL] Saved  40 rows -> AAPL/phase3/AAPL_2025-06-23_2025-06-27.csv
2026-03-23 17:24:36,968  INFO        [AAPL] Fetching 2025-06-23 x 2025-07-25 ...
2026-03-23 17:24:38,170  INFO        [AAPL] Saved  40 rows -> AAPL/phase3/AAPL_2025-06-23_2025-07-25.csv
2026-03-23 17:24:38,171  INFO        [AAPL] Fetching 2025-06-23 x 2025-09-19 ...
2026-03-23 17:24:39,476  INFO        [AAPL] Saved  40 rows -> AAPL/phase3/AAPL_2025-06-23_2025-09-19.csv
2026-03-23 17:24:39,477  INFO        [AAPL] Fetching 2025-06-23 x 2025-12-19 ...
2026-03-23 17:24:41,114  INFO        [AAPL] Saved  40 rows -> AAPL/phase3/AAPL_2025-06-23_2025-12-19.csv
2026-03-23 17:24:42,998  INFO        [NVDA] Fetching 2025-06-23 x 2025-06-27 ...
2026-03-23 17:24:44,158  INFO        [NVDA] Saved  40 rows -> NVDA/phase3/NVDA_2025-06-23_2025-06-27.csv
2026-03-23 17:24:44,158  INFO        [NVDA] Fetching 2025-06-23 x 2025-07-25 ...
2026-03-23 17:24:45,423  INFO        [NVDA] Saved  40 rows -> NVDA/phase3/NVDA_2025-06-23_2025-07-25.csv
2026-03-23 17:24:45,424  INFO        [NVDA] Fetching 2025-06-23 x 2025-09-19 ...
2026-03-23 17:24:47,200  INFO        [NVDA] Saved  40 rows -> NVDA/phase3/NVDA_2025-06-23_2025-09-19.csv
2026-03-23 17:24:47,201  INFO        [NVDA] Fetching 2025-06-23 x 2025-12-19 ...
2026-03-23 17:24:48,645  INFO        [NVDA] Saved  40 rows -> NVDA/phase3/NVDA_2025-06-23_2025-12-19.csv
2026-03-23 17:24:50,205  INFO        [AMZN] Fetching 2025-06-23 x 2025-06-27 ...
2026-03-23 17:24:51,849  INFO        [AMZN] Saved  40 rows -> AMZN/phase3/AMZN_2025-06-23_2025-06-27.csv
2026-03-23 17:24:51,850  INFO        [AMZN] Fetching 2025-06-23 x 2025-07-25 ...
2026-03-23 17:24:53,462  INFO        [AMZN] Saved  40 rows -> AMZN/phase3/AMZN_2025-06-23_2025-07-25.csv
2026-03-23 17:24:53,462  INFO        [AMZN] Fetching 2025-06-23 x 2025-09-19 ...
2026-03-23 17:24:55,122  INFO        [AMZN] Saved  40 rows -> AMZN/phase3/AMZN_2025-06-23_2025-09-19.csv
2026-03-23 17:24:55,123  INFO        [AMZN] Fetching 2025-06-23 x 2025-12-19 ...
2026-03-23 17:24:56,401  INFO        [AMZN] Saved  40 rows -> AMZN/phase3/AMZN_2025-06-23_2025-12-19.csv
2026-03-23 17:24:57,729  INFO        [PG] Fetching 2025-06-23 x 2025-06-27 ...
2026-03-23 17:24:58,985  INFO        [PG] Saved  40 rows -> PG/phase3/PG_2025-06-23_2025-06-27.csv
2026-03-23 17:24:58,986  INFO        [PG] Fetching 2025-06-23 x 2025-07-25 ...
2026-03-23 17:25:00,167  INFO        [PG] Saved  40 rows -> PG/phase3/PG_2025-06-23_2025-07-25.csv
2026-03-23 17:25:00,167  INFO        [PG] Fetching 2025-06-23 x 2025-09-19 ...
2026-03-23 17:25:01,341  INFO        [PG] Saved  40 rows -> PG/phase3/PG_2025-06-23_2025-09-19.csv
2026-03-23 17:25:01,342  INFO        [PG] Fetching 2025-06-23 x 2026-01-16 ...
2026-03-23 17:25:05,544  INFO        [PG] Saved  40 rows -> PG/phase3/PG_2025-06-23_2026-01-16.csv
2026-03-23 17:25:07,669  INFO        [CAT] Fetching 2025-06-23 x 2025-06-27 ...
2026-03-23 17:25:12,303  INFO        [CAT] Saved  40 rows -> CAT/phase3/CAT_2025-06-23_2025-06-27.csv
2026-03-23 17:25:12,304  INFO        [CAT] Fetching 2025-06-23 x 2025-07-25 ...
2026-03-23 17:25:21,567  INFO        [CAT] Saved  40 rows -> CAT/phase3/CAT_2025-06-23_2025-07-25.csv
2026-03-23 17:25:21,568  INFO        [CAT] Fetching 2025-06-23 x 2025-09-19 ...
2026-03-23 17:25:22,844  INFO        [CAT] Saved  40 rows -> CAT/phase3/CAT_2025-06-23_2025-09-19.csv
2026-03-23 17:25:22,845  INFO        [CAT] Fetching 2025-06-23 x 2026-01-16 ...
2026-03-23 17:25:24,141  INFO        [CAT] Saved  40 rows -> CAT/phase3/CAT_2025-06-23_2026-01-16.csv
2026-03-23 17:25:24,142  INFO      
[8/36] 2025-06-30
2026-03-23 17:25:28,038  INFO        [AAPL] Fetching 2025-06-30 x 2025-07-03 ...
2026-03-23 17:26:10,107  WARNING   Request error (attempt 1): HTTPSConnectionPool(host='api.marketdata.app', port=443): Max retries exceeded with url: /v1/options/chain/AAPL/?date=2025-06-30&expiration=2025-07-03&strikeLimit=20&dateformat=timestamp (Caused by ConnectTimeoutError(<urllib3.connection.HTTPSConnection object at 0x0000016440716AD0>, 'Connection to api.marketdata.app timed out. (connect timeout=30)'))
2026-03-23 17:27:10,110  WARNING   Request error (attempt 2): HTTPSConnectionPool(host='api.marketdata.app', port=443): Max retries exceeded with url: /v1/options/chain/AAPL/?date=2025-06-30&expiration=2025-07-03&strikeLimit=20&dateformat=timestamp (Caused by NameResolutionError("<urllib3.connection.HTTPSConnection object at 0x0000016440716D50>: Failed to resolve 'api.marketdata.app' ([Errno 11001] getaddrinfo failed)"))
2026-03-23 17:28:12,407  INFO        [AAPL] Saved  40 rows -> AAPL/phase3/AAPL_2025-06-30_2025-07-03.csv
2026-03-23 17:28:12,410  INFO        [AAPL] Fetching 2025-06-30 x 2025-08-01 ...
2026-03-23 17:28:14,109  INFO        [AAPL] Saved  40 rows -> AAPL/phase3/AAPL_2025-06-30_2025-08-01.csv
2026-03-23 17:28:14,111  INFO        [AAPL] Fetching 2025-06-30 x 2025-09-19 ...
2026-03-23 17:28:15,360  INFO        [AAPL] Saved  40 rows -> AAPL/phase3/AAPL_2025-06-30_2025-09-19.csv
2026-03-23 17:28:15,361  INFO        [AAPL] Fetching 2025-06-30 x 2025-12-19 ...
2026-03-23 17:28:16,507  INFO        [AAPL] Saved  40 rows -> AAPL/phase3/AAPL_2025-06-30_2025-12-19.csv
2026-03-23 17:28:18,956  INFO        [NVDA] Fetching 2025-06-30 x 2025-07-03 ...
2026-03-23 17:28:20,898  INFO        [NVDA] Saved  40 rows -> NVDA/phase3/NVDA_2025-06-30_2025-07-03.csv
2026-03-23 17:28:20,898  INFO        [NVDA] Fetching 2025-06-30 x 2025-08-01 ...
2026-03-23 17:28:22,122  INFO        [NVDA] Saved  40 rows -> NVDA/phase3/NVDA_2025-06-30_2025-08-01.csv
2026-03-23 17:28:22,123  INFO        [NVDA] Fetching 2025-06-30 x 2025-09-19 ...
2026-03-23 17:28:24,267  INFO        [NVDA] Saved  40 rows -> NVDA/phase3/NVDA_2025-06-30_2025-09-19.csv
2026-03-23 17:28:24,268  INFO        [NVDA] Fetching 2025-06-30 x 2025-12-19 ...
2026-03-23 17:28:25,980  INFO        [NVDA] Saved  40 rows -> NVDA/phase3/NVDA_2025-06-30_2025-12-19.csv
2026-03-23 17:28:27,361  INFO        [AMZN] Fetching 2025-06-30 x 2025-07-03 ...
2026-03-23 17:28:29,113  INFO        [AMZN] Saved  40 rows -> AMZN/phase3/AMZN_2025-06-30_2025-07-03.csv
2026-03-23 17:28:29,114  INFO        [AMZN] Fetching 2025-06-30 x 2025-08-01 ...
2026-03-23 17:28:30,841  INFO        [AMZN] Saved  40 rows -> AMZN/phase3/AMZN_2025-06-30_2025-08-01.csv
2026-03-23 17:28:30,842  INFO        [AMZN] Fetching 2025-06-30 x 2025-09-19 ...
2026-03-23 17:28:32,073  INFO        [AMZN] Saved  40 rows -> AMZN/phase3/AMZN_2025-06-30_2025-09-19.csv
2026-03-23 17:28:32,073  INFO        [AMZN] Fetching 2025-06-30 x 2025-12-19 ...
2026-03-23 17:28:33,766  INFO        [AMZN] Saved  40 rows -> AMZN/phase3/AMZN_2025-06-30_2025-12-19.csv
2026-03-23 17:28:35,615  INFO        [PG] Fetching 2025-06-30 x 2025-07-03 ...
2026-03-23 17:28:36,983  INFO        [PG] Saved  40 rows -> PG/phase3/PG_2025-06-30_2025-07-03.csv
2026-03-23 17:28:36,984  INFO        [PG] Fetching 2025-06-30 x 2025-08-01 ...
2026-03-23 17:28:38,314  INFO        [PG] Saved  40 rows -> PG/phase3/PG_2025-06-30_2025-08-01.csv
2026-03-23 17:28:38,315  INFO        [PG] Fetching 2025-06-30 x 2025-09-19 ...
2026-03-23 17:28:39,905  INFO        [PG] Saved  40 rows -> PG/phase3/PG_2025-06-30_2025-09-19.csv
2026-03-23 17:28:39,905  INFO        [PG] Fetching 2025-06-30 x 2026-01-16 ...
2026-03-23 17:28:41,595  INFO        [PG] Saved  40 rows -> PG/phase3/PG_2025-06-30_2026-01-16.csv
2026-03-23 17:28:43,131  INFO        [CAT] Fetching 2025-06-30 x 2025-07-03 ...
2026-03-23 17:28:44,464  INFO        [CAT] Saved  40 rows -> CAT/phase3/CAT_2025-06-30_2025-07-03.csv
2026-03-23 17:28:44,464  INFO        [CAT] Fetching 2025-06-30 x 2025-08-01 ...
2026-03-23 17:28:48,148  INFO        [CAT] Saved  40 rows -> CAT/phase3/CAT_2025-06-30_2025-08-01.csv
2026-03-23 17:28:48,149  INFO        [CAT] Fetching 2025-06-30 x 2025-09-19 ...
2026-03-23 17:29:03,098  INFO        [CAT] Saved  40 rows -> CAT/phase3/CAT_2025-06-30_2025-09-19.csv
2026-03-23 17:29:03,099  INFO        [CAT] Fetching 2025-06-30 x 2026-01-16 ...
2026-03-23 17:29:07,779  INFO        [CAT] Saved  40 rows -> CAT/phase3/CAT_2025-06-30_2026-01-16.csv
2026-03-23 17:29:07,780  INFO      
[9/36] 2025-07-07
2026-03-23 17:29:14,313  INFO        [AAPL] Fetching 2025-07-07 x 2025-07-11 ...
2026-03-23 17:29:16,000  INFO        [AAPL] Saved  40 rows -> AAPL/phase3/AAPL_2025-07-07_2025-07-11.csv
2026-03-23 17:29:16,001  INFO        [AAPL] Fetching 2025-07-07 x 2025-08-08 ...
2026-03-23 17:29:17,153  INFO        [AAPL] Saved  40 rows -> AAPL/phase3/AAPL_2025-07-07_2025-08-08.csv
2026-03-23 17:29:17,154  INFO        [AAPL] Fetching 2025-07-07 x 2025-10-17 ...
2026-03-23 17:29:19,133  WARNING   Request error (attempt 1): ('Connection aborted.', ConnectionResetError(10054, 'An existing connection was forcibly closed by the remote host', None, 10054, None))
2026-03-23 17:30:21,083  INFO        [AAPL] Saved  40 rows -> AAPL/phase3/AAPL_2025-07-07_2025-10-17.csv
2026-03-23 17:30:21,084  INFO        [AAPL] Fetching 2025-07-07 x 2026-01-16 ...
2026-03-23 17:30:22,826  INFO        [AAPL] Saved  40 rows -> AAPL/phase3/AAPL_2025-07-07_2026-01-16.csv
2026-03-23 17:30:24,943  INFO        [NVDA] Fetching 2025-07-07 x 2025-07-11 ...
2026-03-23 17:30:26,409  INFO        [NVDA] Saved  40 rows -> NVDA/phase3/NVDA_2025-07-07_2025-07-11.csv
2026-03-23 17:30:26,410  INFO        [NVDA] Fetching 2025-07-07 x 2025-08-08 ...
2026-03-23 17:30:28,362  INFO        [NVDA] Saved  40 rows -> NVDA/phase3/NVDA_2025-07-07_2025-08-08.csv
2026-03-23 17:30:28,362  INFO        [NVDA] Fetching 2025-07-07 x 2025-10-17 ...
2026-03-23 17:30:30,194  INFO        [NVDA] Saved  40 rows -> NVDA/phase3/NVDA_2025-07-07_2025-10-17.csv
2026-03-23 17:30:30,195  INFO        [NVDA] Fetching 2025-07-07 x 2026-01-16 ...
2026-03-23 17:30:31,522  INFO        [NVDA] Saved  40 rows -> NVDA/phase3/NVDA_2025-07-07_2026-01-16.csv
2026-03-23 17:30:33,005  INFO        [AMZN] Fetching 2025-07-07 x 2025-07-11 ...
2026-03-23 17:30:35,027  INFO        [AMZN] Saved  40 rows -> AMZN/phase3/AMZN_2025-07-07_2025-07-11.csv
2026-03-23 17:30:35,028  INFO        [AMZN] Fetching 2025-07-07 x 2025-08-08 ...
2026-03-23 17:30:37,234  INFO        [AMZN] Saved  40 rows -> AMZN/phase3/AMZN_2025-07-07_2025-08-08.csv
2026-03-23 17:30:37,235  INFO        [AMZN] Fetching 2025-07-07 x 2025-10-17 ...
2026-03-23 17:30:39,167  INFO        [AMZN] Saved  40 rows -> AMZN/phase3/AMZN_2025-07-07_2025-10-17.csv
2026-03-23 17:30:39,168  INFO        [AMZN] Fetching 2025-07-07 x 2026-01-16 ...
2026-03-23 17:30:40,458  INFO        [AMZN] Saved  40 rows -> AMZN/phase3/AMZN_2025-07-07_2026-01-16.csv
2026-03-23 17:30:41,789  INFO        [PG] Fetching 2025-07-07 x 2025-07-11 ...
2026-03-23 17:30:43,029  INFO        [PG] Saved  40 rows -> PG/phase3/PG_2025-07-07_2025-07-11.csv
2026-03-23 17:30:43,032  INFO        [PG] Fetching 2025-07-07 x 2025-08-08 ...
2026-03-23 17:30:44,578  INFO        [PG] Saved  40 rows -> PG/phase3/PG_2025-07-07_2025-08-08.csv
2026-03-23 17:30:44,579  INFO        [PG] Fetching 2025-07-07 x 2025-10-17 ...
2026-03-23 17:30:46,415  INFO        [PG] Saved  40 rows -> PG/phase3/PG_2025-07-07_2025-10-17.csv
2026-03-23 17:30:46,416  INFO        [PG] Fetching 2025-07-07 x 2026-01-16 ...
2026-03-23 17:30:47,848  INFO        [PG] Saved  40 rows -> PG/phase3/PG_2025-07-07_2026-01-16.csv
2026-03-23 17:30:49,378  INFO        [CAT] Fetching 2025-07-07 x 2025-07-11 ...
2026-03-23 17:30:51,199  INFO        [CAT] Saved  40 rows -> CAT/phase3/CAT_2025-07-07_2025-07-11.csv
2026-03-23 17:30:51,200  INFO        [CAT] Fetching 2025-07-07 x 2025-08-08 ...
2026-03-23 17:30:52,468  INFO        [CAT] Saved  40 rows -> CAT/phase3/CAT_2025-07-07_2025-08-08.csv
2026-03-23 17:30:52,469  INFO        [CAT] Fetching 2025-07-07 x 2025-09-19 ...
2026-03-23 17:30:53,751  INFO        [CAT] Saved  40 rows -> CAT/phase3/CAT_2025-07-07_2025-09-19.csv
2026-03-23 17:30:53,751  INFO        [CAT] Fetching 2025-07-07 x 2026-01-16 ...
2026-03-23 17:30:55,015  INFO        [CAT] Saved  40 rows -> CAT/phase3/CAT_2025-07-07_2026-01-16.csv
2026-03-23 17:30:55,015  INFO      
[10/36] 2025-07-14
2026-03-23 17:30:57,479  INFO        [AAPL] Fetching 2025-07-14 x 2025-07-18 ...
2026-03-23 17:30:59,524  INFO        [AAPL] Saved  40 rows -> AAPL/phase3/AAPL_2025-07-14_2025-07-18.csv
2026-03-23 17:30:59,525  INFO        [AAPL] Fetching 2025-07-14 x 2025-08-15 ...
2026-03-23 17:31:00,861  INFO        [AAPL] Saved  40 rows -> AAPL/phase3/AAPL_2025-07-14_2025-08-15.csv
2026-03-23 17:31:00,862  INFO        [AAPL] Fetching 2025-07-14 x 2025-10-17 ...
2026-03-23 17:31:02,390  INFO        [AAPL] Saved  40 rows -> AAPL/phase3/AAPL_2025-07-14_2025-10-17.csv
2026-03-23 17:31:02,391  INFO        [AAPL] Fetching 2025-07-14 x 2026-01-16 ...
2026-03-23 17:31:03,708  INFO        [AAPL] Saved  40 rows -> AAPL/phase3/AAPL_2025-07-14_2026-01-16.csv
2026-03-23 17:31:06,091  INFO        [NVDA] Fetching 2025-07-14 x 2025-07-18 ...
2026-03-23 17:31:08,141  INFO        [NVDA] Saved  40 rows -> NVDA/phase3/NVDA_2025-07-14_2025-07-18.csv
2026-03-23 17:31:08,142  INFO        [NVDA] Fetching 2025-07-14 x 2025-08-15 ...
2026-03-23 17:31:09,662  INFO        [NVDA] Saved  40 rows -> NVDA/phase3/NVDA_2025-07-14_2025-08-15.csv
2026-03-23 17:31:09,663  INFO        [NVDA] Fetching 2025-07-14 x 2025-10-17 ...
2026-03-23 17:31:12,433  INFO        [NVDA] Saved  40 rows -> NVDA/phase3/NVDA_2025-07-14_2025-10-17.csv
2026-03-23 17:31:12,434  INFO        [NVDA] Fetching 2025-07-14 x 2026-01-16 ...
2026-03-23 17:31:14,472  INFO        [NVDA] Saved  40 rows -> NVDA/phase3/NVDA_2025-07-14_2026-01-16.csv
2026-03-23 17:31:16,721  INFO        [AMZN] Fetching 2025-07-14 x 2025-07-18 ...
2026-03-23 17:31:18,055  INFO        [AMZN] Saved  40 rows -> AMZN/phase3/AMZN_2025-07-14_2025-07-18.csv
2026-03-23 17:31:18,056  INFO        [AMZN] Fetching 2025-07-14 x 2025-08-15 ...
2026-03-23 17:31:19,593  INFO        [AMZN] Saved  40 rows -> AMZN/phase3/AMZN_2025-07-14_2025-08-15.csv
2026-03-23 17:31:19,594  INFO        [AMZN] Fetching 2025-07-14 x 2025-10-17 ...
2026-03-23 17:31:21,031  INFO        [AMZN] Saved  40 rows -> AMZN/phase3/AMZN_2025-07-14_2025-10-17.csv
2026-03-23 17:31:21,032  INFO        [AMZN] Fetching 2025-07-14 x 2026-01-16 ...
2026-03-23 17:31:22,876  INFO        [AMZN] Saved  40 rows -> AMZN/phase3/AMZN_2025-07-14_2026-01-16.csv
2026-03-23 17:31:25,025  INFO        [PG] Fetching 2025-07-14 x 2025-07-18 ...
2026-03-23 17:31:26,329  INFO        [PG] Saved  40 rows -> PG/phase3/PG_2025-07-14_2025-07-18.csv
2026-03-23 17:31:26,330  INFO        [PG] Fetching 2025-07-14 x 2025-08-15 ...
2026-03-23 17:31:31,459  INFO        [PG] Saved  40 rows -> PG/phase3/PG_2025-07-14_2025-08-15.csv
2026-03-23 17:31:31,460  INFO        [PG] Fetching 2025-07-14 x 2025-10-17 ...
2026-03-23 17:31:32,685  INFO        [PG] Saved  40 rows -> PG/phase3/PG_2025-07-14_2025-10-17.csv
2026-03-23 17:31:32,686  INFO        [PG] Fetching 2025-07-14 x 2026-01-16 ...
2026-03-23 17:31:36,249  INFO        [PG] Saved  40 rows -> PG/phase3/PG_2025-07-14_2026-01-16.csv
2026-03-23 17:31:37,812  INFO        [CAT] Fetching 2025-07-14 x 2025-07-18 ...
2026-03-23 17:31:39,502  INFO        [CAT] Saved  40 rows -> CAT/phase3/CAT_2025-07-14_2025-07-18.csv
2026-03-23 17:31:39,503  INFO        [CAT] Fetching 2025-07-14 x 2025-08-15 ...
2026-03-23 17:31:40,645  INFO        [CAT] Saved  40 rows -> CAT/phase3/CAT_2025-07-14_2025-08-15.csv
2026-03-23 17:31:40,646  INFO        [CAT] Fetching 2025-07-14 x 2025-10-17 ...
2026-03-23 17:31:41,849  INFO        [CAT] Saved  40 rows -> CAT/phase3/CAT_2025-07-14_2025-10-17.csv
2026-03-23 17:31:41,849  INFO        [CAT] Fetching 2025-07-14 x 2026-01-16 ...
2026-03-23 17:31:43,045  INFO        [CAT] Saved  40 rows -> CAT/phase3/CAT_2025-07-14_2026-01-16.csv
2026-03-23 17:31:43,046  INFO      
[11/36] 2025-07-21
2026-03-23 17:31:44,717  INFO        [AAPL] Fetching 2025-07-21 x 2025-07-25 ...
2026-03-23 17:31:46,170  INFO        [AAPL] Saved  40 rows -> AAPL/phase3/AAPL_2025-07-21_2025-07-25.csv
2026-03-23 17:31:46,171  INFO        [AAPL] Fetching 2025-07-21 x 2025-08-22 ...
2026-03-23 17:31:47,592  INFO        [AAPL] Saved  40 rows -> AAPL/phase3/AAPL_2025-07-21_2025-08-22.csv
2026-03-23 17:31:47,592  INFO        [AAPL] Fetching 2025-07-21 x 2025-10-17 ...
2026-03-23 17:31:49,340  INFO        [AAPL] Saved  40 rows -> AAPL/phase3/AAPL_2025-07-21_2025-10-17.csv
2026-03-23 17:31:49,341  INFO        [AAPL] Fetching 2025-07-21 x 2026-01-16 ...
2026-03-23 17:31:50,785  INFO        [AAPL] Saved  40 rows -> AAPL/phase3/AAPL_2025-07-21_2026-01-16.csv
2026-03-23 17:31:54,250  INFO        [NVDA] Fetching 2025-07-21 x 2025-07-25 ...
2026-03-23 17:31:55,701  INFO        [NVDA] Saved  40 rows -> NVDA/phase3/NVDA_2025-07-21_2025-07-25.csv
2026-03-23 17:31:55,702  INFO        [NVDA] Fetching 2025-07-21 x 2025-08-22 ...
2026-03-23 17:32:37,808  WARNING   Request error (attempt 1): HTTPSConnectionPool(host='api.marketdata.app', port=443): Max retries exceeded with url: /v1/options/chain/NVDA/?date=2025-07-21&expiration=2025-08-22&strikeLimit=20&dateformat=timestamp (Caused by ConnectTimeoutError(<urllib3.connection.HTTPSConnection object at 0x0000016440717ED0>, 'Connection to api.marketdata.app timed out. (connect timeout=30)'))
2026-03-23 17:33:39,531  INFO        [NVDA] Saved  40 rows -> NVDA/phase3/NVDA_2025-07-21_2025-08-22.csv
2026-03-23 17:33:39,532  INFO        [NVDA] Fetching 2025-07-21 x 2025-10-17 ...
2026-03-23 17:33:41,226  INFO        [NVDA] Saved  40 rows -> NVDA/phase3/NVDA_2025-07-21_2025-10-17.csv
2026-03-23 17:33:41,228  INFO        [NVDA] Fetching 2025-07-21 x 2026-01-16 ...
2026-03-23 17:33:42,967  INFO        [NVDA] Saved  40 rows -> NVDA/phase3/NVDA_2025-07-21_2026-01-16.csv
2026-03-23 17:33:45,206  INFO        [AMZN] Fetching 2025-07-21 x 2025-07-25 ...
2026-03-23 17:33:48,474  INFO        [AMZN] Saved  40 rows -> AMZN/phase3/AMZN_2025-07-21_2025-07-25.csv
2026-03-23 17:33:48,475  INFO        [AMZN] Fetching 2025-07-21 x 2025-08-22 ...
2026-03-23 17:33:50,855  INFO        [AMZN] Saved  40 rows -> AMZN/phase3/AMZN_2025-07-21_2025-08-22.csv
2026-03-23 17:33:50,856  INFO        [AMZN] Fetching 2025-07-21 x 2025-10-17 ...
2026-03-23 17:33:53,038  INFO        [AMZN] Saved  40 rows -> AMZN/phase3/AMZN_2025-07-21_2025-10-17.csv
2026-03-23 17:33:53,039  INFO        [AMZN] Fetching 2025-07-21 x 2026-01-16 ...
2026-03-23 17:33:54,901  INFO        [AMZN] Saved  40 rows -> AMZN/phase3/AMZN_2025-07-21_2026-01-16.csv
2026-03-23 17:33:56,598  INFO        [PG] Fetching 2025-07-21 x 2025-07-25 ...
2026-03-23 17:33:57,924  INFO        [PG] Saved  40 rows -> PG/phase3/PG_2025-07-21_2025-07-25.csv
2026-03-23 17:33:57,925  INFO        [PG] Fetching 2025-07-21 x 2025-08-22 ...
2026-03-23 17:33:59,133  INFO        [PG] Saved  40 rows -> PG/phase3/PG_2025-07-21_2025-08-22.csv
2026-03-23 17:33:59,134  INFO        [PG] Fetching 2025-07-21 x 2025-10-17 ...
2026-03-23 17:34:00,283  INFO        [PG] Saved  40 rows -> PG/phase3/PG_2025-07-21_2025-10-17.csv
2026-03-23 17:34:00,284  INFO        [PG] Fetching 2025-07-21 x 2026-01-16 ...
2026-03-23 17:34:01,958  INFO        [PG] Saved  40 rows -> PG/phase3/PG_2025-07-21_2026-01-16.csv
2026-03-23 17:34:04,615  INFO        [CAT] Fetching 2025-07-21 x 2025-07-25 ...
2026-03-23 17:34:05,830  INFO        [CAT] Saved  40 rows -> CAT/phase3/CAT_2025-07-21_2025-07-25.csv
2026-03-23 17:34:05,831  INFO        [CAT] Fetching 2025-07-21 x 2025-08-22 ...
2026-03-23 17:34:07,531  INFO        [CAT] Saved  40 rows -> CAT/phase3/CAT_2025-07-21_2025-08-22.csv
2026-03-23 17:34:07,532  INFO        [CAT] Fetching 2025-07-21 x 2025-10-17 ...
2026-03-23 17:34:09,165  INFO        [CAT] Saved  40 rows -> CAT/phase3/CAT_2025-07-21_2025-10-17.csv
2026-03-23 17:34:09,166  INFO        [CAT] Fetching 2025-07-21 x 2026-01-16 ...
2026-03-23 17:34:10,371  INFO        [CAT] Saved  40 rows -> CAT/phase3/CAT_2025-07-21_2026-01-16.csv
2026-03-23 17:34:10,372  INFO      
[12/36] 2025-07-28
2026-03-23 17:34:12,422  INFO        [AAPL] Fetching 2025-07-28 x 2025-08-01 ...
2026-03-23 17:34:21,584  INFO        [AAPL] Saved  40 rows -> AAPL/phase3/AAPL_2025-07-28_2025-08-01.csv
2026-03-23 17:34:21,585  INFO        [AAPL] Fetching 2025-07-28 x 2025-08-29 ...
2026-03-23 17:34:23,492  INFO        [AAPL] Saved  40 rows -> AAPL/phase3/AAPL_2025-07-28_2025-08-29.csv
2026-03-23 17:34:23,493  INFO        [AAPL] Fetching 2025-07-28 x 2025-10-17 ...
2026-03-23 17:34:28,092  INFO        [AAPL] Saved  40 rows -> AAPL/phase3/AAPL_2025-07-28_2025-10-17.csv
2026-03-23 17:34:28,093  INFO        [AAPL] Fetching 2025-07-28 x 2026-01-16 ...
2026-03-23 17:34:29,311  INFO        [AAPL] Saved  40 rows -> AAPL/phase3/AAPL_2025-07-28_2026-01-16.csv
2026-03-23 17:34:31,168  INFO        [NVDA] Fetching 2025-07-28 x 2025-08-01 ...
2026-03-23 17:34:33,262  INFO        [NVDA] Saved  40 rows -> NVDA/phase3/NVDA_2025-07-28_2025-08-01.csv
2026-03-23 17:34:33,263  INFO        [NVDA] Fetching 2025-07-28 x 2025-08-29 ...
2026-03-23 17:34:35,522  INFO        [NVDA] Saved  40 rows -> NVDA/phase3/NVDA_2025-07-28_2025-08-29.csv
2026-03-23 17:34:35,523  INFO        [NVDA] Fetching 2025-07-28 x 2025-10-17 ...
2026-03-23 17:34:36,739  INFO        [NVDA] Saved  40 rows -> NVDA/phase3/NVDA_2025-07-28_2025-10-17.csv
2026-03-23 17:34:36,740  INFO        [NVDA] Fetching 2025-07-28 x 2026-01-16 ...
2026-03-23 17:34:39,109  INFO        [NVDA] Saved  40 rows -> NVDA/phase3/NVDA_2025-07-28_2026-01-16.csv
2026-03-23 17:34:40,621  INFO        [AMZN] Fetching 2025-07-28 x 2025-08-01 ...
2026-03-23 17:34:42,288  INFO        [AMZN] Saved  40 rows -> AMZN/phase3/AMZN_2025-07-28_2025-08-01.csv
2026-03-23 17:34:42,289  INFO        [AMZN] Fetching 2025-07-28 x 2025-08-29 ...
2026-03-23 17:34:43,904  INFO        [AMZN] Saved  40 rows -> AMZN/phase3/AMZN_2025-07-28_2025-08-29.csv
2026-03-23 17:34:43,905  INFO        [AMZN] Fetching 2025-07-28 x 2025-10-17 ...
2026-03-23 17:34:45,285  INFO        [AMZN] Saved  40 rows -> AMZN/phase3/AMZN_2025-07-28_2025-10-17.csv
2026-03-23 17:34:45,286  INFO        [AMZN] Fetching 2025-07-28 x 2026-01-16 ...
2026-03-23 17:34:46,913  INFO        [AMZN] Saved  40 rows -> AMZN/phase3/AMZN_2025-07-28_2026-01-16.csv
2026-03-23 17:34:48,064  INFO        [PG] Fetching 2025-07-28 x 2025-08-01 ...
2026-03-23 17:34:49,909  INFO        [PG] Saved  40 rows -> PG/phase3/PG_2025-07-28_2025-08-01.csv
2026-03-23 17:34:49,910  INFO        [PG] Fetching 2025-07-28 x 2025-08-29 ...
2026-03-23 17:34:51,243  INFO        [PG] Saved  40 rows -> PG/phase3/PG_2025-07-28_2025-08-29.csv
2026-03-23 17:34:51,244  INFO        [PG] Fetching 2025-07-28 x 2025-10-17 ...
2026-03-23 17:34:52,674  INFO        [PG] Saved  40 rows -> PG/phase3/PG_2025-07-28_2025-10-17.csv
2026-03-23 17:34:52,675  INFO        [PG] Fetching 2025-07-28 x 2026-01-16 ...
2026-03-23 17:34:53,897  INFO        [PG] Saved  40 rows -> PG/phase3/PG_2025-07-28_2026-01-16.csv
2026-03-23 17:34:58,577  INFO        [CAT] Fetching 2025-07-28 x 2025-08-01 ...
2026-03-23 17:35:00,076  INFO        [CAT] Saved  40 rows -> CAT/phase3/CAT_2025-07-28_2025-08-01.csv
2026-03-23 17:35:00,077  INFO        [CAT] Fetching 2025-07-28 x 2025-08-29 ...
2026-03-23 17:35:01,387  INFO        [CAT] Saved  40 rows -> CAT/phase3/CAT_2025-07-28_2025-08-29.csv
2026-03-23 17:35:01,388  INFO        [CAT] Fetching 2025-07-28 x 2025-10-17 ...
2026-03-23 17:35:03,086  INFO        [CAT] Saved  40 rows -> CAT/phase3/CAT_2025-07-28_2025-10-17.csv
2026-03-23 17:35:03,087  INFO        [CAT] Fetching 2025-07-28 x 2026-01-16 ...
2026-03-23 17:35:04,284  INFO        [CAT] Saved  40 rows -> CAT/phase3/CAT_2025-07-28_2026-01-16.csv
2026-03-23 17:35:04,285  INFO      
[13/36] 2025-08-04
2026-03-23 17:35:05,761  INFO        [AAPL] Fetching 2025-08-04 x 2025-08-08 ...
2026-03-23 17:35:06,916  INFO        [AAPL] Saved  40 rows -> AAPL/phase3/AAPL_2025-08-04_2025-08-08.csv
2026-03-23 17:35:06,917  INFO        [AAPL] Fetching 2025-08-04 x 2025-09-05 ...
2026-03-23 17:35:08,123  INFO        [AAPL] Saved  40 rows -> AAPL/phase3/AAPL_2025-08-04_2025-09-05.csv
2026-03-23 17:35:08,124  INFO        [AAPL] Fetching 2025-08-04 x 2025-10-17 ...
2026-03-23 17:35:09,336  INFO        [AAPL] Saved  40 rows -> AAPL/phase3/AAPL_2025-08-04_2025-10-17.csv
2026-03-23 17:35:09,337  INFO        [AAPL] Fetching 2025-08-04 x 2026-01-16 ...
2026-03-23 17:35:10,765  INFO        [AAPL] Saved  40 rows -> AAPL/phase3/AAPL_2025-08-04_2026-01-16.csv
2026-03-23 17:35:12,708  INFO        [NVDA] Fetching 2025-08-04 x 2025-08-08 ...
2026-03-23 17:35:13,945  INFO        [NVDA] Saved  40 rows -> NVDA/phase3/NVDA_2025-08-04_2025-08-08.csv
2026-03-23 17:35:13,946  INFO        [NVDA] Fetching 2025-08-04 x 2025-09-05 ...
2026-03-23 17:35:15,789  INFO        [NVDA] Saved  40 rows -> NVDA/phase3/NVDA_2025-08-04_2025-09-05.csv
2026-03-23 17:35:15,790  INFO        [NVDA] Fetching 2025-08-04 x 2025-10-17 ...
2026-03-23 17:35:17,020  INFO        [NVDA] Saved  40 rows -> NVDA/phase3/NVDA_2025-08-04_2025-10-17.csv
2026-03-23 17:35:17,021  INFO        [NVDA] Fetching 2025-08-04 x 2026-01-16 ...
2026-03-23 17:35:18,350  INFO        [NVDA] Saved  40 rows -> NVDA/phase3/NVDA_2025-08-04_2026-01-16.csv
2026-03-23 17:35:19,679  INFO        [AMZN] Fetching 2025-08-04 x 2025-08-08 ...
2026-03-23 17:35:20,905  INFO        [AMZN] Saved  40 rows -> AMZN/phase3/AMZN_2025-08-04_2025-08-08.csv
2026-03-23 17:35:20,906  INFO        [AMZN] Fetching 2025-08-04 x 2025-09-05 ...
2026-03-23 17:35:22,139  INFO        [AMZN] Saved  40 rows -> AMZN/phase3/AMZN_2025-08-04_2025-09-05.csv
2026-03-23 17:35:22,140  INFO        [AMZN] Fetching 2025-08-04 x 2025-10-17 ...
2026-03-23 17:35:23,337  INFO        [AMZN] Saved  40 rows -> AMZN/phase3/AMZN_2025-08-04_2025-10-17.csv
2026-03-23 17:35:23,338  INFO        [AMZN] Fetching 2025-08-04 x 2026-01-16 ...
2026-03-23 17:35:24,802  INFO        [AMZN] Saved  40 rows -> AMZN/phase3/AMZN_2025-08-04_2026-01-16.csv
2026-03-23 17:35:26,125  INFO        [PG] Fetching 2025-08-04 x 2025-08-08 ...
2026-03-23 17:35:27,397  INFO        [PG] Saved  40 rows -> PG/phase3/PG_2025-08-04_2025-08-08.csv
2026-03-23 17:35:27,398  INFO        [PG] Fetching 2025-08-04 x 2025-09-05 ...
2026-03-23 17:35:29,275  INFO        [PG] Saved  40 rows -> PG/phase3/PG_2025-08-04_2025-09-05.csv
2026-03-23 17:35:29,275  INFO        [PG] Fetching 2025-08-04 x 2025-10-17 ...
2026-03-23 17:35:30,462  INFO        [PG] Saved  40 rows -> PG/phase3/PG_2025-08-04_2025-10-17.csv
2026-03-23 17:35:30,463  INFO        [PG] Fetching 2025-08-04 x 2026-01-16 ...
2026-03-23 17:35:31,651  INFO        [PG] Saved  40 rows -> PG/phase3/PG_2025-08-04_2026-01-16.csv
2026-03-23 17:35:33,123  INFO        [CAT] Fetching 2025-08-04 x 2025-08-08 ...
2026-03-23 17:35:34,837  INFO        [CAT] Saved  40 rows -> CAT/phase3/CAT_2025-08-04_2025-08-08.csv
2026-03-23 17:35:34,838  INFO        [CAT] Fetching 2025-08-04 x 2025-09-05 ...
2026-03-23 17:35:36,041  INFO        [CAT] Saved  40 rows -> CAT/phase3/CAT_2025-08-04_2025-09-05.csv
2026-03-23 17:35:36,041  INFO        [CAT] Fetching 2025-08-04 x 2025-10-17 ...
2026-03-23 17:35:37,212  INFO        [CAT] Saved  40 rows -> CAT/phase3/CAT_2025-08-04_2025-10-17.csv
2026-03-23 17:35:37,213  INFO        [CAT] Fetching 2025-08-04 x 2026-01-16 ...
2026-03-23 17:35:38,421  INFO        [CAT] Saved  40 rows -> CAT/phase3/CAT_2025-08-04_2026-01-16.csv
2026-03-23 17:35:38,422  INFO      
[14/36] 2025-08-11
2026-03-23 17:35:39,941  INFO        [AAPL] Fetching 2025-08-11 x 2025-08-15 ...
2026-03-23 17:35:41,242  INFO        [AAPL] Saved  40 rows -> AAPL/phase3/AAPL_2025-08-11_2025-08-15.csv
2026-03-23 17:35:41,243  INFO        [AAPL] Fetching 2025-08-11 x 2025-09-12 ...
2026-03-23 17:35:42,451  INFO        [AAPL] Saved  40 rows -> AAPL/phase3/AAPL_2025-08-11_2025-09-12.csv
2026-03-23 17:35:42,452  INFO        [AAPL] Fetching 2025-08-11 x 2025-11-21 ...
2026-03-23 17:35:43,584  INFO        [AAPL] Saved  40 rows -> AAPL/phase3/AAPL_2025-08-11_2025-11-21.csv
2026-03-23 17:35:43,585  INFO        [AAPL] Fetching 2025-08-11 x 2026-02-20 ...
2026-03-23 17:35:45,265  INFO        [AAPL] Saved  40 rows -> AAPL/phase3/AAPL_2025-08-11_2026-02-20.csv
2026-03-23 17:35:47,509  INFO        [NVDA] Fetching 2025-08-11 x 2025-08-15 ...
2026-03-23 17:35:49,151  INFO        [NVDA] Saved  40 rows -> NVDA/phase3/NVDA_2025-08-11_2025-08-15.csv
2026-03-23 17:35:49,151  INFO        [NVDA] Fetching 2025-08-11 x 2025-09-12 ...
2026-03-23 17:35:50,389  INFO        [NVDA] Saved  40 rows -> NVDA/phase3/NVDA_2025-08-11_2025-09-12.csv
2026-03-23 17:35:50,390  INFO        [NVDA] Fetching 2025-08-11 x 2025-11-21 ...
2026-03-23 17:35:51,663  INFO        [NVDA] Saved  40 rows -> NVDA/phase3/NVDA_2025-08-11_2025-11-21.csv
2026-03-23 17:35:51,664  INFO        [NVDA] Fetching 2025-08-11 x 2026-02-20 ...
2026-03-23 17:35:52,876  INFO        [NVDA] Saved  40 rows -> NVDA/phase3/NVDA_2025-08-11_2026-02-20.csv
2026-03-23 17:35:54,966  INFO        [AMZN] Fetching 2025-08-11 x 2025-08-15 ...
2026-03-23 17:35:56,246  INFO        [AMZN] Saved  40 rows -> AMZN/phase3/AMZN_2025-08-11_2025-08-15.csv
2026-03-23 17:35:56,247  INFO        [AMZN] Fetching 2025-08-11 x 2025-09-12 ...
2026-03-23 17:35:57,378  INFO        [AMZN] Saved  40 rows -> AMZN/phase3/AMZN_2025-08-11_2025-09-12.csv
2026-03-23 17:35:57,379  INFO        [AMZN] Fetching 2025-08-11 x 2025-11-21 ...
2026-03-23 17:35:59,120  INFO        [AMZN] Saved  40 rows -> AMZN/phase3/AMZN_2025-08-11_2025-11-21.csv
2026-03-23 17:35:59,121  INFO        [AMZN] Fetching 2025-08-11 x 2026-02-20 ...
2026-03-23 17:36:00,378  INFO        [AMZN] Saved  40 rows -> AMZN/phase3/AMZN_2025-08-11_2026-02-20.csv
2026-03-23 17:36:01,794  INFO        [PG] Fetching 2025-08-11 x 2025-08-15 ...
2026-03-23 17:36:03,057  INFO        [PG] Saved  40 rows -> PG/phase3/PG_2025-08-11_2025-08-15.csv
2026-03-23 17:36:03,058  INFO        [PG] Fetching 2025-08-11 x 2025-09-12 ...
2026-03-23 17:36:04,235  INFO        [PG] Saved  40 rows -> PG/phase3/PG_2025-08-11_2025-09-12.csv
2026-03-23 17:36:04,235  INFO        [PG] Fetching 2025-08-11 x 2025-10-17 ...
2026-03-23 17:36:05,856  INFO        [PG] Saved  40 rows -> PG/phase3/PG_2025-08-11_2025-10-17.csv
2026-03-23 17:36:05,857  INFO        [PG] Fetching 2025-08-11 x 2026-01-16 ...
2026-03-23 17:36:07,352  INFO        [PG] Saved  40 rows -> PG/phase3/PG_2025-08-11_2026-01-16.csv
2026-03-23 17:36:09,454  INFO        [CAT] Fetching 2025-08-11 x 2025-08-15 ...
2026-03-23 17:36:11,192  INFO        [CAT] Saved  40 rows -> CAT/phase3/CAT_2025-08-11_2025-08-15.csv
2026-03-23 17:36:11,193  INFO        [CAT] Fetching 2025-08-11 x 2025-09-12 ...
2026-03-23 17:36:12,889  INFO        [CAT] Saved  40 rows -> CAT/phase3/CAT_2025-08-11_2025-09-12.csv
2026-03-23 17:36:12,890  INFO        [CAT] Fetching 2025-08-11 x 2025-11-21 ...
2026-03-23 17:36:14,056  INFO        [CAT] Saved  40 rows -> CAT/phase3/CAT_2025-08-11_2025-11-21.csv
2026-03-23 17:36:14,057  INFO        [CAT] Fetching 2025-08-11 x 2026-02-20 ...
2026-03-23 17:36:15,254  INFO        [CAT] Saved  40 rows -> CAT/phase3/CAT_2025-08-11_2026-02-20.csv
2026-03-23 17:36:15,255  INFO      
[15/36] 2025-08-18
2026-03-23 17:36:16,855  INFO        [AAPL] Fetching 2025-08-18 x 2025-08-22 ...
2026-03-23 17:36:17,991  INFO        [AAPL] Saved  40 rows -> AAPL/phase3/AAPL_2025-08-18_2025-08-22.csv
2026-03-23 17:36:17,992  INFO        [AAPL] Fetching 2025-08-18 x 2025-09-19 ...
2026-03-23 17:36:19,245  INFO        [AAPL] Saved  40 rows -> AAPL/phase3/AAPL_2025-08-18_2025-09-19.csv
2026-03-23 17:36:19,245  INFO        [AAPL] Fetching 2025-08-18 x 2025-11-21 ...
2026-03-23 17:36:20,517  INFO        [AAPL] Saved  40 rows -> AAPL/phase3/AAPL_2025-08-18_2025-11-21.csv
2026-03-23 17:36:20,518  INFO        [AAPL] Fetching 2025-08-18 x 2026-02-20 ...
2026-03-23 17:36:22,263  INFO        [AAPL] Saved  40 rows -> AAPL/phase3/AAPL_2025-08-18_2026-02-20.csv
2026-03-23 17:36:23,954  INFO        [NVDA] Fetching 2025-08-18 x 2025-08-22 ...
2026-03-23 17:36:25,194  INFO        [NVDA] Saved  40 rows -> NVDA/phase3/NVDA_2025-08-18_2025-08-22.csv
2026-03-23 17:36:25,194  INFO        [NVDA] Fetching 2025-08-18 x 2025-09-19 ...
2026-03-23 17:36:26,432  INFO        [NVDA] Saved  40 rows -> NVDA/phase3/NVDA_2025-08-18_2025-09-19.csv
2026-03-23 17:36:26,432  INFO        [NVDA] Fetching 2025-08-18 x 2025-11-21 ...
2026-03-23 17:36:28,144  INFO        [NVDA] Saved  40 rows -> NVDA/phase3/NVDA_2025-08-18_2025-11-21.csv
2026-03-23 17:36:28,144  INFO        [NVDA] Fetching 2025-08-18 x 2026-02-20 ...
2026-03-23 17:36:29,505  INFO        [NVDA] Saved  40 rows -> NVDA/phase3/NVDA_2025-08-18_2026-02-20.csv
2026-03-23 17:36:31,063  INFO        [AMZN] Fetching 2025-08-18 x 2025-08-22 ...
2026-03-23 17:36:32,298  INFO        [AMZN] Saved  40 rows -> AMZN/phase3/AMZN_2025-08-18_2025-08-22.csv
2026-03-23 17:36:32,298  INFO        [AMZN] Fetching 2025-08-18 x 2025-09-19 ...
2026-03-23 17:36:34,026  INFO        [AMZN] Saved  40 rows -> AMZN/phase3/AMZN_2025-08-18_2025-09-19.csv
2026-03-23 17:36:34,027  INFO        [AMZN] Fetching 2025-08-18 x 2025-11-21 ...
2026-03-23 17:36:35,217  INFO        [AMZN] Saved  40 rows -> AMZN/phase3/AMZN_2025-08-18_2025-11-21.csv
2026-03-23 17:36:35,218  INFO        [AMZN] Fetching 2025-08-18 x 2026-02-20 ...
2026-03-23 17:36:36,517  INFO        [AMZN] Saved  40 rows -> AMZN/phase3/AMZN_2025-08-18_2026-02-20.csv
2026-03-23 17:36:37,881  INFO        [PG] Fetching 2025-08-18 x 2025-08-22 ...
2026-03-23 17:36:39,066  INFO        [PG] Saved  40 rows -> PG/phase3/PG_2025-08-18_2025-08-22.csv
2026-03-23 17:36:39,067  INFO        [PG] Fetching 2025-08-18 x 2025-09-19 ...
2026-03-23 17:36:40,194  INFO        [PG] Saved  40 rows -> PG/phase3/PG_2025-08-18_2025-09-19.csv
2026-03-23 17:36:40,195  INFO        [PG] Fetching 2025-08-18 x 2025-11-21 ...
2026-03-23 17:36:41,897  INFO        [PG] Saved  40 rows -> PG/phase3/PG_2025-08-18_2025-11-21.csv
2026-03-23 17:36:41,898  INFO        [PG] Fetching 2025-08-18 x 2026-01-16 ...
2026-03-23 17:36:43,050  INFO        [PG] Saved  40 rows -> PG/phase3/PG_2025-08-18_2026-01-16.csv
2026-03-23 17:36:44,566  INFO        [CAT] Fetching 2025-08-18 x 2025-08-22 ...
2026-03-23 17:36:46,322  INFO        [CAT] Saved  40 rows -> CAT/phase3/CAT_2025-08-18_2025-08-22.csv
2026-03-23 17:36:46,323  INFO        [CAT] Fetching 2025-08-18 x 2025-09-19 ...
2026-03-23 17:36:47,576  INFO        [CAT] Saved  40 rows -> CAT/phase3/CAT_2025-08-18_2025-09-19.csv
2026-03-23 17:36:47,577  INFO        [CAT] Fetching 2025-08-18 x 2025-11-21 ...
2026-03-23 17:36:49,300  INFO        [CAT] Saved  40 rows -> CAT/phase3/CAT_2025-08-18_2025-11-21.csv
2026-03-23 17:36:49,300  INFO        [CAT] Fetching 2025-08-18 x 2026-02-20 ...
2026-03-23 17:36:50,444  INFO        [CAT] Saved  40 rows -> CAT/phase3/CAT_2025-08-18_2026-02-20.csv
2026-03-23 17:36:50,444  INFO      
[16/36] 2025-08-25
2026-03-23 17:36:52,309  INFO        [AAPL] Fetching 2025-08-25 x 2025-08-29 ...
2026-03-23 17:36:53,473  INFO        [AAPL] Saved  40 rows -> AAPL/phase3/AAPL_2025-08-25_2025-08-29.csv
2026-03-23 17:36:53,474  INFO        [AAPL] Fetching 2025-08-25 x 2025-09-26 ...
2026-03-23 17:36:54,625  INFO        [AAPL] Saved  40 rows -> AAPL/phase3/AAPL_2025-08-25_2025-09-26.csv
2026-03-23 17:36:54,626  INFO        [AAPL] Fetching 2025-08-25 x 2025-11-21 ...
2026-03-23 17:36:55,823  INFO        [AAPL] Saved  40 rows -> AAPL/phase3/AAPL_2025-08-25_2025-11-21.csv
2026-03-23 17:36:55,824  INFO        [AAPL] Fetching 2025-08-25 x 2026-02-20 ...
2026-03-23 17:36:56,972  INFO        [AAPL] Saved  40 rows -> AAPL/phase3/AAPL_2025-08-25_2026-02-20.csv
2026-03-23 17:36:59,475  INFO        [NVDA] Fetching 2025-08-25 x 2025-08-29 ...
2026-03-23 17:37:00,795  INFO        [NVDA] Saved  40 rows -> NVDA/phase3/NVDA_2025-08-25_2025-08-29.csv
2026-03-23 17:37:00,796  INFO        [NVDA] Fetching 2025-08-25 x 2025-09-26 ...
2026-03-23 17:37:01,951  INFO        [NVDA] Saved  40 rows -> NVDA/phase3/NVDA_2025-08-25_2025-09-26.csv
2026-03-23 17:37:01,951  INFO        [NVDA] Fetching 2025-08-25 x 2025-11-21 ...
2026-03-23 17:37:03,883  INFO        [NVDA] Saved  40 rows -> NVDA/phase3/NVDA_2025-08-25_2025-11-21.csv
2026-03-23 17:37:03,884  INFO        [NVDA] Fetching 2025-08-25 x 2026-02-20 ...
2026-03-23 17:37:05,644  INFO        [NVDA] Saved  40 rows -> NVDA/phase3/NVDA_2025-08-25_2026-02-20.csv
2026-03-23 17:37:07,276  INFO        [AMZN] Fetching 2025-08-25 x 2025-08-29 ...
2026-03-23 17:37:08,958  INFO        [AMZN] Saved  40 rows -> AMZN/phase3/AMZN_2025-08-25_2025-08-29.csv
2026-03-23 17:37:08,959  INFO        [AMZN] Fetching 2025-08-25 x 2025-09-26 ...
2026-03-23 17:37:10,150  INFO        [AMZN] Saved  40 rows -> AMZN/phase3/AMZN_2025-08-25_2025-09-26.csv
2026-03-23 17:37:10,151  INFO        [AMZN] Fetching 2025-08-25 x 2025-11-21 ...
2026-03-23 17:37:11,282  INFO        [AMZN] Saved  40 rows -> AMZN/phase3/AMZN_2025-08-25_2025-11-21.csv
2026-03-23 17:37:11,283  INFO        [AMZN] Fetching 2025-08-25 x 2026-02-20 ...
2026-03-23 17:37:12,461  INFO        [AMZN] Saved  40 rows -> AMZN/phase3/AMZN_2025-08-25_2026-02-20.csv
2026-03-23 17:37:13,719  INFO        [PG] Fetching 2025-08-25 x 2025-08-29 ...
2026-03-23 17:37:15,495  INFO        [PG] Saved  40 rows -> PG/phase3/PG_2025-08-25_2025-08-29.csv
2026-03-23 17:37:15,496  INFO        [PG] Fetching 2025-08-25 x 2025-09-26 ...
2026-03-23 17:37:17,180  INFO        [PG] Saved  40 rows -> PG/phase3/PG_2025-08-25_2025-09-26.csv
2026-03-23 17:37:17,181  INFO        [PG] Fetching 2025-08-25 x 2025-11-21 ...
2026-03-23 17:37:18,393  INFO        [PG] Saved  40 rows -> PG/phase3/PG_2025-08-25_2025-11-21.csv
2026-03-23 17:37:18,394  INFO        [PG] Fetching 2025-08-25 x 2026-03-20 ...
2026-03-23 17:37:19,565  INFO        [PG] Saved  40 rows -> PG/phase3/PG_2025-08-25_2026-03-20.csv
2026-03-23 17:37:20,976  INFO        [CAT] Fetching 2025-08-25 x 2025-08-29 ...
2026-03-23 17:37:22,134  INFO        [CAT] Saved  40 rows -> CAT/phase3/CAT_2025-08-25_2025-08-29.csv
2026-03-23 17:37:22,135  INFO        [CAT] Fetching 2025-08-25 x 2025-09-26 ...
2026-03-23 17:37:24,056  INFO        [CAT] Saved  40 rows -> CAT/phase3/CAT_2025-08-25_2025-09-26.csv
2026-03-23 17:37:24,057  INFO        [CAT] Fetching 2025-08-25 x 2025-11-21 ...
2026-03-23 17:37:25,266  INFO        [CAT] Saved  40 rows -> CAT/phase3/CAT_2025-08-25_2025-11-21.csv
2026-03-23 17:37:25,268  INFO        [CAT] Fetching 2025-08-25 x 2026-02-20 ...
2026-03-23 17:37:26,610  INFO        [CAT] Saved  40 rows -> CAT/phase3/CAT_2025-08-25_2026-02-20.csv
2026-03-23 17:37:26,610  INFO      
[17/36] 2025-09-02
2026-03-23 17:37:28,253  INFO        [AAPL] Fetching 2025-09-02 x 2025-09-12 ...
2026-03-23 17:37:29,488  INFO        [AAPL] Saved  40 rows -> AAPL/phase3/AAPL_2025-09-02_2025-09-12.csv
2026-03-23 17:37:29,488  INFO        [AAPL] Fetching 2025-09-02 x 2025-10-03 ...
2026-03-23 17:37:30,675  INFO        [AAPL] Saved  40 rows -> AAPL/phase3/AAPL_2025-09-02_2025-10-03.csv
2026-03-23 17:37:30,676  INFO        [AAPL] Fetching 2025-09-02 x 2025-11-21 ...
2026-03-23 17:37:31,890  INFO        [AAPL] Saved  40 rows -> AAPL/phase3/AAPL_2025-09-02_2025-11-21.csv
2026-03-23 17:37:31,891  INFO        [AAPL] Fetching 2025-09-02 x 2026-02-20 ...
2026-03-23 17:37:33,659  INFO        [AAPL] Saved  40 rows -> AAPL/phase3/AAPL_2025-09-02_2026-02-20.csv
2026-03-23 17:37:35,561  INFO        [NVDA] Fetching 2025-09-02 x 2025-09-12 ...
2026-03-23 17:37:36,749  INFO        [NVDA] Saved  40 rows -> NVDA/phase3/NVDA_2025-09-02_2025-09-12.csv
2026-03-23 17:37:36,750  INFO        [NVDA] Fetching 2025-09-02 x 2025-10-03 ...
2026-03-23 17:37:38,057  INFO        [NVDA] Saved  40 rows -> NVDA/phase3/NVDA_2025-09-02_2025-10-03.csv
2026-03-23 17:37:38,058  INFO        [NVDA] Fetching 2025-09-02 x 2025-11-21 ...
2026-03-23 17:37:39,214  INFO        [NVDA] Saved  40 rows -> NVDA/phase3/NVDA_2025-09-02_2025-11-21.csv
2026-03-23 17:37:39,215  INFO        [NVDA] Fetching 2025-09-02 x 2026-02-20 ...
2026-03-23 17:37:40,378  INFO        [NVDA] Saved  40 rows -> NVDA/phase3/NVDA_2025-09-02_2026-02-20.csv
2026-03-23 17:37:41,774  INFO        [AMZN] Fetching 2025-09-02 x 2025-09-12 ...
2026-03-23 17:37:42,991  INFO        [AMZN] Saved  40 rows -> AMZN/phase3/AMZN_2025-09-02_2025-09-12.csv
2026-03-23 17:37:42,992  INFO        [AMZN] Fetching 2025-09-02 x 2025-10-03 ...
2026-03-23 17:37:44,245  INFO        [AMZN] Saved  40 rows -> AMZN/phase3/AMZN_2025-09-02_2025-10-03.csv
2026-03-23 17:37:44,245  INFO        [AMZN] Fetching 2025-09-02 x 2025-11-21 ...
2026-03-23 17:37:45,931  INFO        [AMZN] Saved  40 rows -> AMZN/phase3/AMZN_2025-09-02_2025-11-21.csv
2026-03-23 17:37:45,932  INFO        [AMZN] Fetching 2025-09-02 x 2026-02-20 ...
2026-03-23 17:37:47,096  INFO        [AMZN] Saved  40 rows -> AMZN/phase3/AMZN_2025-09-02_2026-02-20.csv
2026-03-23 17:37:48,354  INFO        [PG] Fetching 2025-09-02 x 2025-09-12 ...
2026-03-23 17:37:49,632  INFO        [PG] Saved  40 rows -> PG/phase3/PG_2025-09-02_2025-09-12.csv
2026-03-23 17:37:49,633  INFO        [PG] Fetching 2025-09-02 x 2025-10-03 ...
2026-03-23 17:37:51,189  INFO        [PG] Saved  40 rows -> PG/phase3/PG_2025-09-02_2025-10-03.csv
2026-03-23 17:37:51,190  INFO        [PG] Fetching 2025-09-02 x 2025-11-21 ...
2026-03-23 17:37:52,591  INFO        [PG] Saved  40 rows -> PG/phase3/PG_2025-09-02_2025-11-21.csv
2026-03-23 17:37:52,591  INFO        [PG] Fetching 2025-09-02 x 2026-03-20 ...
2026-03-23 17:37:54,240  INFO        [PG] Saved  40 rows -> PG/phase3/PG_2025-09-02_2026-03-20.csv
2026-03-23 17:37:55,642  INFO        [CAT] Fetching 2025-09-02 x 2025-09-12 ...
2026-03-23 17:37:56,914  INFO        [CAT] Saved  40 rows -> CAT/phase3/CAT_2025-09-02_2025-09-12.csv
2026-03-23 17:37:56,915  INFO        [CAT] Fetching 2025-09-02 x 2025-10-03 ...
2026-03-23 17:37:58,122  INFO        [CAT] Saved  40 rows -> CAT/phase3/CAT_2025-09-02_2025-10-03.csv
2026-03-23 17:37:58,122  INFO        [CAT] Fetching 2025-09-02 x 2025-11-21 ...
2026-03-23 17:37:59,300  INFO        [CAT] Saved  40 rows -> CAT/phase3/CAT_2025-09-02_2025-11-21.csv
2026-03-23 17:37:59,300  INFO        [CAT] Fetching 2025-09-02 x 2026-02-20 ...
2026-03-23 17:38:00,409  INFO        [CAT] Saved  40 rows -> CAT/phase3/CAT_2025-09-02_2026-02-20.csv
2026-03-23 17:38:00,409  INFO      
[18/36] 2025-09-08
2026-03-23 17:38:01,866  INFO        [AAPL] Fetching 2025-09-08 x 2025-09-12 ...
2026-03-23 17:38:03,541  INFO        [AAPL] Saved  40 rows -> AAPL/phase3/AAPL_2025-09-08_2025-09-12.csv
2026-03-23 17:38:03,542  INFO        [AAPL] Fetching 2025-09-08 x 2025-10-10 ...
2026-03-23 17:38:04,824  INFO        [AAPL] Saved  40 rows -> AAPL/phase3/AAPL_2025-09-08_2025-10-10.csv
2026-03-23 17:38:04,825  INFO        [AAPL] Fetching 2025-09-08 x 2025-12-19 ...
2026-03-23 17:38:06,049  INFO        [AAPL] Saved  40 rows -> AAPL/phase3/AAPL_2025-09-08_2025-12-19.csv
2026-03-23 17:38:06,050  INFO        [AAPL] Fetching 2025-09-08 x 2026-03-20 ...
2026-03-23 17:38:07,319  INFO        [AAPL] Saved  40 rows -> AAPL/phase3/AAPL_2025-09-08_2026-03-20.csv
2026-03-23 17:38:09,094  INFO        [NVDA] Fetching 2025-09-08 x 2025-09-12 ...
2026-03-23 17:38:10,261  INFO        [NVDA] Saved  40 rows -> NVDA/phase3/NVDA_2025-09-08_2025-09-12.csv
2026-03-23 17:38:10,261  INFO        [NVDA] Fetching 2025-09-08 x 2025-10-10 ...
2026-03-23 17:38:11,508  INFO        [NVDA] Saved  40 rows -> NVDA/phase3/NVDA_2025-09-08_2025-10-10.csv
2026-03-23 17:38:11,509  INFO        [NVDA] Fetching 2025-09-08 x 2025-12-19 ...
2026-03-23 17:38:13,438  INFO        [NVDA] Saved  40 rows -> NVDA/phase3/NVDA_2025-09-08_2025-12-19.csv
2026-03-23 17:38:13,439  INFO        [NVDA] Fetching 2025-09-08 x 2026-03-20 ...
2026-03-23 17:38:14,697  INFO        [NVDA] Saved  40 rows -> NVDA/phase3/NVDA_2025-09-08_2026-03-20.csv
2026-03-23 17:38:16,761  INFO        [AMZN] Fetching 2025-09-08 x 2025-09-12 ...
2026-03-23 17:38:17,921  INFO        [AMZN] Saved  40 rows -> AMZN/phase3/AMZN_2025-09-08_2025-09-12.csv
2026-03-23 17:38:17,921  INFO        [AMZN] Fetching 2025-09-08 x 2025-10-10 ...
2026-03-23 17:38:19,194  INFO        [AMZN] Saved  40 rows -> AMZN/phase3/AMZN_2025-09-08_2025-10-10.csv
2026-03-23 17:38:19,195  INFO        [AMZN] Fetching 2025-09-08 x 2025-12-19 ...
2026-03-23 17:38:20,371  INFO        [AMZN] Saved  40 rows -> AMZN/phase3/AMZN_2025-09-08_2025-12-19.csv
2026-03-23 17:38:20,372  INFO        [AMZN] Fetching 2025-09-08 x 2026-03-20 ...
2026-03-23 17:38:21,637  INFO        [AMZN] Saved  40 rows -> AMZN/phase3/AMZN_2025-09-08_2026-03-20.csv
2026-03-23 17:38:23,333  INFO        [PG] Fetching 2025-09-08 x 2025-09-12 ...
2026-03-23 17:38:24,537  INFO        [PG] Saved  40 rows -> PG/phase3/PG_2025-09-08_2025-09-12.csv
2026-03-23 17:38:24,537  INFO        [PG] Fetching 2025-09-08 x 2025-10-10 ...
2026-03-23 17:38:25,692  INFO        [PG] Saved  40 rows -> PG/phase3/PG_2025-09-08_2025-10-10.csv
2026-03-23 17:38:25,693  INFO        [PG] Fetching 2025-09-08 x 2025-11-21 ...
2026-03-23 17:38:26,954  INFO        [PG] Saved  40 rows -> PG/phase3/PG_2025-09-08_2025-11-21.csv
2026-03-23 17:38:26,955  INFO        [PG] Fetching 2025-09-08 x 2026-03-20 ...
2026-03-23 17:38:28,172  INFO        [PG] Saved  40 rows -> PG/phase3/PG_2025-09-08_2026-03-20.csv
2026-03-23 17:38:29,622  INFO        [CAT] Fetching 2025-09-08 x 2025-09-12 ...
2026-03-23 17:38:30,842  INFO        [CAT] Saved  40 rows -> CAT/phase3/CAT_2025-09-08_2025-09-12.csv
2026-03-23 17:38:30,843  INFO        [CAT] Fetching 2025-09-08 x 2025-10-10 ...
2026-03-23 17:38:32,086  INFO        [CAT] Saved  40 rows -> CAT/phase3/CAT_2025-09-08_2025-10-10.csv
2026-03-23 17:38:32,086  INFO        [CAT] Fetching 2025-09-08 x 2025-11-21 ...
2026-03-23 17:38:33,745  INFO        [CAT] Saved  40 rows -> CAT/phase3/CAT_2025-09-08_2025-11-21.csv
2026-03-23 17:38:33,745  INFO        [CAT] Fetching 2025-09-08 x 2026-03-20 ...
2026-03-23 17:38:36,062  INFO        [CAT] Saved  40 rows -> CAT/phase3/CAT_2025-09-08_2026-03-20.csv
2026-03-23 17:38:36,062  INFO      
[19/36] 2025-09-15
2026-03-23 17:38:37,445  INFO        [AAPL] Fetching 2025-09-15 x 2025-09-19 ...
2026-03-23 17:38:38,748  INFO        [AAPL] Saved  40 rows -> AAPL/phase3/AAPL_2025-09-15_2025-09-19.csv
2026-03-23 17:38:38,748  INFO        [AAPL] Fetching 2025-09-15 x 2025-10-17 ...
2026-03-23 17:38:39,929  INFO        [AAPL] Saved  40 rows -> AAPL/phase3/AAPL_2025-09-15_2025-10-17.csv
2026-03-23 17:38:39,930  INFO        [AAPL] Fetching 2025-09-15 x 2025-12-19 ...
2026-03-23 17:38:41,557  INFO        [AAPL] Saved  40 rows -> AAPL/phase3/AAPL_2025-09-15_2025-12-19.csv
2026-03-23 17:38:41,558  INFO        [AAPL] Fetching 2025-09-15 x 2026-03-20 ...
2026-03-23 17:38:42,977  INFO        [AAPL] Saved  40 rows -> AAPL/phase3/AAPL_2025-09-15_2026-03-20.csv
2026-03-23 17:38:45,521  INFO        [NVDA] Fetching 2025-09-15 x 2025-09-19 ...
2026-03-23 17:38:46,751  INFO        [NVDA] Saved  40 rows -> NVDA/phase3/NVDA_2025-09-15_2025-09-19.csv
2026-03-23 17:38:46,752  INFO        [NVDA] Fetching 2025-09-15 x 2025-10-17 ...
2026-03-23 17:38:47,920  INFO        [NVDA] Saved  40 rows -> NVDA/phase3/NVDA_2025-09-15_2025-10-17.csv
2026-03-23 17:38:47,922  INFO        [NVDA] Fetching 2025-09-15 x 2025-12-19 ...
2026-03-23 17:38:49,159  INFO        [NVDA] Saved  40 rows -> NVDA/phase3/NVDA_2025-09-15_2025-12-19.csv
2026-03-23 17:38:49,160  INFO        [NVDA] Fetching 2025-09-15 x 2026-03-20 ...
2026-03-23 17:38:50,866  INFO        [NVDA] Saved  40 rows -> NVDA/phase3/NVDA_2025-09-15_2026-03-20.csv
2026-03-23 17:38:52,381  INFO        [AMZN] Fetching 2025-09-15 x 2025-09-19 ...
2026-03-23 17:38:54,080  INFO        [AMZN] Saved  40 rows -> AMZN/phase3/AMZN_2025-09-15_2025-09-19.csv
2026-03-23 17:38:54,081  INFO        [AMZN] Fetching 2025-09-15 x 2025-10-17 ...
2026-03-23 17:38:55,293  INFO        [AMZN] Saved  40 rows -> AMZN/phase3/AMZN_2025-09-15_2025-10-17.csv
2026-03-23 17:38:55,294  INFO        [AMZN] Fetching 2025-09-15 x 2025-12-19 ...
2026-03-23 17:38:56,390  INFO        [AMZN] Saved  40 rows -> AMZN/phase3/AMZN_2025-09-15_2025-12-19.csv
2026-03-23 17:38:56,391  INFO        [AMZN] Fetching 2025-09-15 x 2026-03-20 ...
2026-03-23 17:38:58,210  INFO        [AMZN] Saved  40 rows -> AMZN/phase3/AMZN_2025-09-15_2026-03-20.csv
2026-03-23 17:38:59,415  INFO        [PG] Fetching 2025-09-15 x 2025-09-19 ...
2026-03-23 17:39:00,729  INFO        [PG] Saved  40 rows -> PG/phase3/PG_2025-09-15_2025-09-19.csv
2026-03-23 17:39:00,729  INFO        [PG] Fetching 2025-09-15 x 2025-10-17 ...
2026-03-23 17:39:01,927  INFO        [PG] Saved  40 rows -> PG/phase3/PG_2025-09-15_2025-10-17.csv
2026-03-23 17:39:01,928  INFO        [PG] Fetching 2025-09-15 x 2025-12-19 ...
2026-03-23 17:39:02,612  ERROR     HTTP 404: https://api.marketdata.app/v1/options/chain/PG/ — {"s":"no_data","nextTime":null,"prevTime":null}
2026-03-23 17:39:02,966  WARNING     [PG] Empty chain: 2025-09-15 x 2025-12-19
2026-03-23 17:39:02,968  INFO        [PG] Fetching 2025-09-15 x 2026-03-20 ...
2026-03-23 17:39:04,168  INFO        [PG] Saved  40 rows -> PG/phase3/PG_2025-09-15_2026-03-20.csv
2026-03-23 17:39:05,746  INFO        [CAT] Fetching 2025-09-15 x 2025-09-19 ...
2026-03-23 17:39:07,663  INFO        [CAT] Saved  40 rows -> CAT/phase3/CAT_2025-09-15_2025-09-19.csv
2026-03-23 17:39:07,664  INFO        [CAT] Fetching 2025-09-15 x 2025-10-17 ...
2026-03-23 17:39:09,378  INFO        [CAT] Saved  40 rows -> CAT/phase3/CAT_2025-09-15_2025-10-17.csv
2026-03-23 17:39:09,378  INFO        [CAT] Fetching 2025-09-15 x 2025-12-19 ...
2026-03-23 17:39:10,608  ERROR     HTTP 404: https://api.marketdata.app/v1/options/chain/CAT/ — {"s":"no_data","nextTime":null,"prevTime":null}
2026-03-23 17:39:10,961  WARNING     [CAT] Empty chain: 2025-09-15 x 2025-12-19
2026-03-23 17:39:10,962  INFO        [CAT] Fetching 2025-09-15 x 2026-03-20 ...
2026-03-23 17:39:12,674  INFO        [CAT] Saved  40 rows -> CAT/phase3/CAT_2025-09-15_2026-03-20.csv
2026-03-23 17:39:12,675  INFO      
[20/36] 2025-09-22
2026-03-23 17:39:14,163  INFO        [AAPL] Fetching 2025-09-22 x 2025-09-26 ...
2026-03-23 17:39:15,961  INFO        [AAPL] Saved  40 rows -> AAPL/phase3/AAPL_2025-09-22_2025-09-26.csv
2026-03-23 17:39:15,962  INFO        [AAPL] Fetching 2025-09-22 x 2025-10-24 ...
2026-03-23 17:39:17,062  INFO        [AAPL] Saved  40 rows -> AAPL/phase3/AAPL_2025-09-22_2025-10-24.csv
2026-03-23 17:39:17,062  INFO        [AAPL] Fetching 2025-09-22 x 2025-12-19 ...
2026-03-23 17:39:18,200  INFO        [AAPL] Saved  40 rows -> AAPL/phase3/AAPL_2025-09-22_2025-12-19.csv
2026-03-23 17:39:18,201  INFO        [AAPL] Fetching 2025-09-22 x 2026-03-20 ...
2026-03-23 17:39:19,690  INFO        [AAPL] Saved  40 rows -> AAPL/phase3/AAPL_2025-09-22_2026-03-20.csv
2026-03-23 17:39:21,976  INFO        [NVDA] Fetching 2025-09-22 x 2025-09-26 ...
2026-03-23 17:39:23,135  INFO        [NVDA] Saved  40 rows -> NVDA/phase3/NVDA_2025-09-22_2025-09-26.csv
2026-03-23 17:39:23,136  INFO        [NVDA] Fetching 2025-09-22 x 2025-10-24 ...
2026-03-23 17:39:24,785  INFO        [NVDA] Saved  40 rows -> NVDA/phase3/NVDA_2025-09-22_2025-10-24.csv
2026-03-23 17:39:24,785  INFO        [NVDA] Fetching 2025-09-22 x 2025-12-19 ...
2026-03-23 17:39:26,806  INFO        [NVDA] Saved  40 rows -> NVDA/phase3/NVDA_2025-09-22_2025-12-19.csv
2026-03-23 17:39:26,807  INFO        [NVDA] Fetching 2025-09-22 x 2026-03-20 ...
2026-03-23 17:39:27,964  INFO        [NVDA] Saved  40 rows -> NVDA/phase3/NVDA_2025-09-22_2026-03-20.csv
2026-03-23 17:39:29,449  INFO        [AMZN] Fetching 2025-09-22 x 2025-09-26 ...
2026-03-23 17:39:31,357  INFO        [AMZN] Saved  40 rows -> AMZN/phase3/AMZN_2025-09-22_2025-09-26.csv
2026-03-23 17:39:31,357  INFO        [AMZN] Fetching 2025-09-22 x 2025-10-24 ...
2026-03-23 17:39:32,921  INFO        [AMZN] Saved  40 rows -> AMZN/phase3/AMZN_2025-09-22_2025-10-24.csv
2026-03-23 17:39:32,922  INFO        [AMZN] Fetching 2025-09-22 x 2025-12-19 ...
2026-03-23 17:39:34,166  INFO        [AMZN] Saved  40 rows -> AMZN/phase3/AMZN_2025-09-22_2025-12-19.csv
2026-03-23 17:39:34,166  INFO        [AMZN] Fetching 2025-09-22 x 2026-03-20 ...
2026-03-23 17:39:35,406  INFO        [AMZN] Saved  40 rows -> AMZN/phase3/AMZN_2025-09-22_2026-03-20.csv
2026-03-23 17:39:36,933  INFO        [PG] Fetching 2025-09-22 x 2025-09-26 ...
2026-03-23 17:39:38,162  INFO        [PG] Saved  40 rows -> PG/phase3/PG_2025-09-22_2025-09-26.csv
2026-03-23 17:39:38,163  INFO        [PG] Fetching 2025-09-22 x 2025-10-24 ...
2026-03-23 17:39:39,554  INFO        [PG] Saved  40 rows -> PG/phase3/PG_2025-09-22_2025-10-24.csv
2026-03-23 17:39:39,555  INFO        [PG] Fetching 2025-09-22 x 2025-12-19 ...
2026-03-23 17:39:41,405  INFO        [PG] Saved  40 rows -> PG/phase3/PG_2025-09-22_2025-12-19.csv
2026-03-23 17:39:41,406  INFO        [PG] Fetching 2025-09-22 x 2026-03-20 ...
2026-03-23 17:39:43,240  INFO        [PG] Saved  40 rows -> PG/phase3/PG_2025-09-22_2026-03-20.csv
2026-03-23 17:39:44,841  INFO        [CAT] Fetching 2025-09-22 x 2025-09-26 ...
2026-03-23 17:39:46,621  INFO        [CAT] Saved  40 rows -> CAT/phase3/CAT_2025-09-22_2025-09-26.csv
2026-03-23 17:39:46,621  INFO        [CAT] Fetching 2025-09-22 x 2025-10-24 ...
2026-03-23 17:39:48,009  INFO        [CAT] Saved  40 rows -> CAT/phase3/CAT_2025-09-22_2025-10-24.csv
2026-03-23 17:39:48,009  INFO        [CAT] Fetching 2025-09-22 x 2025-12-19 ...
2026-03-23 17:39:49,240  INFO        [CAT] Saved  40 rows -> CAT/phase3/CAT_2025-09-22_2025-12-19.csv
2026-03-23 17:39:49,241  INFO        [CAT] Fetching 2025-09-22 x 2026-03-20 ...
2026-03-23 17:39:51,070  INFO        [CAT] Saved  40 rows -> CAT/phase3/CAT_2025-09-22_2026-03-20.csv
2026-03-23 17:39:51,071  INFO      
[21/36] 2025-09-29
2026-03-23 17:39:52,842  INFO        [AAPL] Fetching 2025-09-29 x 2025-10-03 ...
2026-03-23 17:39:54,217  INFO        [AAPL] Saved  40 rows -> AAPL/phase3/AAPL_2025-09-29_2025-10-03.csv
2026-03-23 17:39:54,218  INFO        [AAPL] Fetching 2025-09-29 x 2025-10-31 ...
2026-03-23 17:39:55,548  INFO        [AAPL] Saved  40 rows -> AAPL/phase3/AAPL_2025-09-29_2025-10-31.csv
2026-03-23 17:39:55,549  INFO        [AAPL] Fetching 2025-09-29 x 2025-12-19 ...
2026-03-23 17:39:57,405  INFO        [AAPL] Saved  40 rows -> AAPL/phase3/AAPL_2025-09-29_2025-12-19.csv
2026-03-23 17:39:57,406  INFO        [AAPL] Fetching 2025-09-29 x 2026-03-20 ...
2026-03-23 17:39:58,728  INFO        [AAPL] Saved  40 rows -> AAPL/phase3/AAPL_2025-09-29_2026-03-20.csv
2026-03-23 17:40:00,919  INFO        [NVDA] Fetching 2025-09-29 x 2025-10-03 ...
2026-03-23 17:40:02,233  INFO        [NVDA] Saved  40 rows -> NVDA/phase3/NVDA_2025-09-29_2025-10-03.csv
2026-03-23 17:40:02,234  INFO        [NVDA] Fetching 2025-09-29 x 2025-10-31 ...
2026-03-23 17:40:03,543  INFO        [NVDA] Saved  40 rows -> NVDA/phase3/NVDA_2025-09-29_2025-10-31.csv
2026-03-23 17:40:03,544  INFO        [NVDA] Fetching 2025-09-29 x 2025-12-19 ...
2026-03-23 17:40:05,294  INFO        [NVDA] Saved  40 rows -> NVDA/phase3/NVDA_2025-09-29_2025-12-19.csv
2026-03-23 17:40:05,295  INFO        [NVDA] Fetching 2025-09-29 x 2026-03-20 ...
2026-03-23 17:40:06,560  INFO        [NVDA] Saved  40 rows -> NVDA/phase3/NVDA_2025-09-29_2026-03-20.csv
2026-03-23 17:40:08,035  INFO        [AMZN] Fetching 2025-09-29 x 2025-10-03 ...
2026-03-23 17:40:09,263  INFO        [AMZN] Saved  40 rows -> AMZN/phase3/AMZN_2025-09-29_2025-10-03.csv
2026-03-23 17:40:09,264  INFO        [AMZN] Fetching 2025-09-29 x 2025-10-31 ...
2026-03-23 17:40:10,509  INFO        [AMZN] Saved  40 rows -> AMZN/phase3/AMZN_2025-09-29_2025-10-31.csv
2026-03-23 17:40:10,510  INFO        [AMZN] Fetching 2025-09-29 x 2025-12-19 ...
2026-03-23 17:40:12,234  INFO        [AMZN] Saved  40 rows -> AMZN/phase3/AMZN_2025-09-29_2025-12-19.csv
2026-03-23 17:40:12,235  INFO        [AMZN] Fetching 2025-09-29 x 2026-03-20 ...
2026-03-23 17:40:13,524  INFO        [AMZN] Saved  40 rows -> AMZN/phase3/AMZN_2025-09-29_2026-03-20.csv
2026-03-23 17:40:14,954  INFO        [PG] Fetching 2025-09-29 x 2025-10-03 ...
2026-03-23 17:40:16,205  INFO        [PG] Saved  40 rows -> PG/phase3/PG_2025-09-29_2025-10-03.csv
2026-03-23 17:40:16,206  INFO        [PG] Fetching 2025-09-29 x 2025-10-31 ...
2026-03-23 17:40:17,539  INFO        [PG] Saved  40 rows -> PG/phase3/PG_2025-09-29_2025-10-31.csv
2026-03-23 17:40:17,540  INFO        [PG] Fetching 2025-09-29 x 2025-12-19 ...
2026-03-23 17:40:18,892  INFO        [PG] Saved  40 rows -> PG/phase3/PG_2025-09-29_2025-12-19.csv
2026-03-23 17:40:18,893  INFO        [PG] Fetching 2025-09-29 x 2026-03-20 ...
2026-03-23 17:40:20,070  INFO        [PG] Saved  40 rows -> PG/phase3/PG_2025-09-29_2026-03-20.csv
2026-03-23 17:40:21,826  INFO        [CAT] Fetching 2025-09-29 x 2025-10-03 ...
2026-03-23 17:40:23,200  INFO        [CAT] Saved  40 rows -> CAT/phase3/CAT_2025-09-29_2025-10-03.csv
2026-03-23 17:40:23,201  INFO        [CAT] Fetching 2025-09-29 x 2025-10-31 ...
2026-03-23 17:40:24,482  INFO        [CAT] Saved  40 rows -> CAT/phase3/CAT_2025-09-29_2025-10-31.csv
2026-03-23 17:40:24,483  INFO        [CAT] Fetching 2025-09-29 x 2025-12-19 ...
2026-03-23 17:40:25,871  INFO        [CAT] Saved  40 rows -> CAT/phase3/CAT_2025-09-29_2025-12-19.csv
2026-03-23 17:40:25,882  INFO        [CAT] Fetching 2025-09-29 x 2026-03-20 ...
2026-03-23 17:40:27,657  INFO        [CAT] Saved  40 rows -> CAT/phase3/CAT_2025-09-29_2026-03-20.csv
2026-03-23 17:40:27,658  INFO      
[22/36] 2025-10-06
2026-03-23 17:40:29,580  INFO        [AAPL] Fetching 2025-10-06 x 2025-10-10 ...
2026-03-23 17:40:30,801  INFO        [AAPL] Saved  40 rows -> AAPL/phase3/AAPL_2025-10-06_2025-10-10.csv
2026-03-23 17:40:30,801  INFO        [AAPL] Fetching 2025-10-06 x 2025-11-07 ...
2026-03-23 17:40:32,053  INFO        [AAPL] Saved  40 rows -> AAPL/phase3/AAPL_2025-10-06_2025-11-07.csv
2026-03-23 17:40:32,054  INFO        [AAPL] Fetching 2025-10-06 x 2026-01-16 ...
2026-03-23 17:40:33,433  INFO        [AAPL] Saved  40 rows -> AAPL/phase3/AAPL_2025-10-06_2026-01-16.csv
2026-03-23 17:40:33,434  INFO        [AAPL] Fetching 2025-10-06 x 2026-04-17 ...
2026-03-23 17:40:34,644  INFO        [AAPL] Saved  40 rows -> AAPL/phase3/AAPL_2025-10-06_2026-04-17.csv
2026-03-23 17:40:36,743  INFO        [NVDA] Fetching 2025-10-06 x 2025-10-10 ...
2026-03-23 17:40:38,008  INFO        [NVDA] Saved  40 rows -> NVDA/phase3/NVDA_2025-10-06_2025-10-10.csv
2026-03-23 17:40:38,009  INFO        [NVDA] Fetching 2025-10-06 x 2025-11-07 ...
2026-03-23 17:40:39,361  INFO        [NVDA] Saved  40 rows -> NVDA/phase3/NVDA_2025-10-06_2025-11-07.csv
2026-03-23 17:40:39,362  INFO        [NVDA] Fetching 2025-10-06 x 2026-01-16 ...
2026-03-23 17:40:40,744  INFO        [NVDA] Saved  40 rows -> NVDA/phase3/NVDA_2025-10-06_2026-01-16.csv
2026-03-23 17:40:40,756  INFO        [NVDA] Fetching 2025-10-06 x 2026-04-17 ...
2026-03-23 17:40:42,764  INFO        [NVDA] Saved  40 rows -> NVDA/phase3/NVDA_2025-10-06_2026-04-17.csv
2026-03-23 17:40:45,422  INFO        [AMZN] Fetching 2025-10-06 x 2025-10-10 ...
2026-03-23 17:40:47,304  INFO        [AMZN] Saved  40 rows -> AMZN/phase3/AMZN_2025-10-06_2025-10-10.csv
2026-03-23 17:40:47,305  INFO        [AMZN] Fetching 2025-10-06 x 2025-11-07 ...
2026-03-23 17:40:48,901  INFO        [AMZN] Saved  40 rows -> AMZN/phase3/AMZN_2025-10-06_2025-11-07.csv
2026-03-23 17:40:48,901  INFO        [AMZN] Fetching 2025-10-06 x 2026-01-16 ...
2026-03-23 17:40:50,228  INFO        [AMZN] Saved  40 rows -> AMZN/phase3/AMZN_2025-10-06_2026-01-16.csv
2026-03-23 17:40:50,229  INFO        [AMZN] Fetching 2025-10-06 x 2026-04-17 ...
2026-03-23 17:40:51,930  INFO        [AMZN] Saved  40 rows -> AMZN/phase3/AMZN_2025-10-06_2026-04-17.csv
2026-03-23 17:40:53,797  INFO        [PG] Fetching 2025-10-06 x 2025-10-10 ...
2026-03-23 17:40:55,392  INFO        [PG] Saved  40 rows -> PG/phase3/PG_2025-10-06_2025-10-10.csv
2026-03-23 17:40:55,393  INFO        [PG] Fetching 2025-10-06 x 2025-11-07 ...
2026-03-23 17:40:57,185  INFO        [PG] Saved  40 rows -> PG/phase3/PG_2025-10-06_2025-11-07.csv
2026-03-23 17:40:57,186  INFO        [PG] Fetching 2025-10-06 x 2026-01-16 ...
2026-03-23 17:40:58,434  INFO        [PG] Saved  40 rows -> PG/phase3/PG_2025-10-06_2026-01-16.csv
2026-03-23 17:40:58,435  INFO        [PG] Fetching 2025-10-06 x 2026-04-17 ...
2026-03-23 17:40:59,764  INFO        [PG] Saved  40 rows -> PG/phase3/PG_2025-10-06_2026-04-17.csv
2026-03-23 17:41:01,393  INFO        [CAT] Fetching 2025-10-06 x 2025-10-10 ...
2026-03-23 17:41:02,805  INFO        [CAT] Saved  40 rows -> CAT/phase3/CAT_2025-10-06_2025-10-10.csv
2026-03-23 17:41:02,805  INFO        [CAT] Fetching 2025-10-06 x 2025-11-07 ...
2026-03-23 17:41:04,200  INFO        [CAT] Saved  40 rows -> CAT/phase3/CAT_2025-10-06_2025-11-07.csv
2026-03-23 17:41:04,220  INFO        [CAT] Fetching 2025-10-06 x 2026-01-16 ...
2026-03-23 17:41:05,863  INFO        [CAT] Saved  40 rows -> CAT/phase3/CAT_2025-10-06_2026-01-16.csv
2026-03-23 17:41:05,864  INFO        [CAT] Fetching 2025-10-06 x 2026-03-20 ...
2026-03-23 17:41:07,692  INFO        [CAT] Saved  40 rows -> CAT/phase3/CAT_2025-10-06_2026-03-20.csv
2026-03-23 17:41:07,693  INFO      
[23/36] 2025-10-13
2026-03-23 17:41:09,360  INFO        [AAPL] Fetching 2025-10-13 x 2025-10-17 ...
2026-03-23 17:41:10,987  INFO        [AAPL] Saved  40 rows -> AAPL/phase3/AAPL_2025-10-13_2025-10-17.csv
2026-03-23 17:41:10,988  INFO        [AAPL] Fetching 2025-10-13 x 2025-11-14 ...
2026-03-23 17:41:12,487  INFO        [AAPL] Saved  40 rows -> AAPL/phase3/AAPL_2025-10-13_2025-11-14.csv
2026-03-23 17:41:12,487  INFO        [AAPL] Fetching 2025-10-13 x 2026-01-16 ...
2026-03-23 17:41:13,843  INFO        [AAPL] Saved  40 rows -> AAPL/phase3/AAPL_2025-10-13_2026-01-16.csv
2026-03-23 17:41:13,844  INFO        [AAPL] Fetching 2025-10-13 x 2026-04-17 ...
2026-03-23 17:41:15,236  INFO        [AAPL] Saved  40 rows -> AAPL/phase3/AAPL_2025-10-13_2026-04-17.csv
2026-03-23 17:41:17,293  INFO        [NVDA] Fetching 2025-10-13 x 2025-10-17 ...
2026-03-23 17:41:18,682  INFO        [NVDA] Saved  40 rows -> NVDA/phase3/NVDA_2025-10-13_2025-10-17.csv
2026-03-23 17:41:18,683  INFO        [NVDA] Fetching 2025-10-13 x 2025-11-14 ...
2026-03-23 17:41:20,095  INFO        [NVDA] Saved  40 rows -> NVDA/phase3/NVDA_2025-10-13_2025-11-14.csv
2026-03-23 17:41:20,096  INFO        [NVDA] Fetching 2025-10-13 x 2026-01-16 ...
2026-03-23 17:41:22,065  INFO        [NVDA] Saved  40 rows -> NVDA/phase3/NVDA_2025-10-13_2026-01-16.csv
2026-03-23 17:41:22,066  INFO        [NVDA] Fetching 2025-10-13 x 2026-04-17 ...
2026-03-23 17:41:23,309  INFO        [NVDA] Saved  40 rows -> NVDA/phase3/NVDA_2025-10-13_2026-04-17.csv
2026-03-23 17:41:25,138  INFO        [AMZN] Fetching 2025-10-13 x 2025-10-17 ...
2026-03-23 17:41:26,444  INFO        [AMZN] Saved  40 rows -> AMZN/phase3/AMZN_2025-10-13_2025-10-17.csv
2026-03-23 17:41:26,445  INFO        [AMZN] Fetching 2025-10-13 x 2025-11-14 ...
2026-03-23 17:41:27,729  INFO        [AMZN] Saved  40 rows -> AMZN/phase3/AMZN_2025-10-13_2025-11-14.csv
2026-03-23 17:41:27,729  INFO        [AMZN] Fetching 2025-10-13 x 2026-01-16 ...
2026-03-23 17:41:29,029  INFO        [AMZN] Saved  40 rows -> AMZN/phase3/AMZN_2025-10-13_2026-01-16.csv
2026-03-23 17:41:29,030  INFO        [AMZN] Fetching 2025-10-13 x 2026-04-17 ...
2026-03-23 17:41:30,445  INFO        [AMZN] Saved  40 rows -> AMZN/phase3/AMZN_2025-10-13_2026-04-17.csv
2026-03-23 17:41:31,932  INFO        [PG] Fetching 2025-10-13 x 2025-10-17 ...
2026-03-23 17:41:33,276  INFO        [PG] Saved  40 rows -> PG/phase3/PG_2025-10-13_2025-10-17.csv
2026-03-23 17:41:33,276  INFO        [PG] Fetching 2025-10-13 x 2025-11-14 ...
2026-03-23 17:41:34,767  INFO        [PG] Saved  40 rows -> PG/phase3/PG_2025-10-13_2025-11-14.csv
2026-03-23 17:41:34,768  INFO        [PG] Fetching 2025-10-13 x 2026-01-16 ...
2026-03-23 17:41:36,316  INFO        [PG] Saved  40 rows -> PG/phase3/PG_2025-10-13_2026-01-16.csv
2026-03-23 17:41:36,317  INFO        [PG] Fetching 2025-10-13 x 2026-04-17 ...
2026-03-23 17:41:37,792  INFO        [PG] Saved  40 rows -> PG/phase3/PG_2025-10-13_2026-04-17.csv
2026-03-23 17:41:39,469  INFO        [CAT] Fetching 2025-10-13 x 2025-10-17 ...
2026-03-23 17:41:41,292  INFO        [CAT] Saved  40 rows -> CAT/phase3/CAT_2025-10-13_2025-10-17.csv
2026-03-23 17:41:41,293  INFO        [CAT] Fetching 2025-10-13 x 2025-11-14 ...
2026-03-23 17:41:43,230  INFO        [CAT] Saved  40 rows -> CAT/phase3/CAT_2025-10-13_2025-11-14.csv
2026-03-23 17:41:43,231  INFO        [CAT] Fetching 2025-10-13 x 2026-01-16 ...
2026-03-23 17:41:45,126  INFO        [CAT] Saved  40 rows -> CAT/phase3/CAT_2025-10-13_2026-01-16.csv
2026-03-23 17:41:45,127  INFO        [CAT] Fetching 2025-10-13 x 2026-03-20 ...
2026-03-23 17:41:46,490  INFO        [CAT] Saved  40 rows -> CAT/phase3/CAT_2025-10-13_2026-03-20.csv
2026-03-23 17:41:46,490  INFO      
[24/36] 2025-10-20
2026-03-23 17:41:48,407  INFO        [AAPL] Fetching 2025-10-20 x 2025-10-24 ...
2026-03-23 17:41:49,775  INFO        [AAPL] Saved  40 rows -> AAPL/phase3/AAPL_2025-10-20_2025-10-24.csv
2026-03-23 17:41:49,776  INFO        [AAPL] Fetching 2025-10-20 x 2025-11-21 ...
2026-03-23 17:41:51,067  INFO        [AAPL] Saved  40 rows -> AAPL/phase3/AAPL_2025-10-20_2025-11-21.csv
2026-03-23 17:41:51,067  INFO        [AAPL] Fetching 2025-10-20 x 2026-01-16 ...
2026-03-23 17:41:52,663  INFO        [AAPL] Saved  40 rows -> AAPL/phase3/AAPL_2025-10-20_2026-01-16.csv
2026-03-23 17:41:52,664  INFO        [AAPL] Fetching 2025-10-20 x 2026-04-17 ...
2026-03-23 17:41:53,959  INFO        [AAPL] Saved  40 rows -> AAPL/phase3/AAPL_2025-10-20_2026-04-17.csv
2026-03-23 17:41:56,143  INFO        [NVDA] Fetching 2025-10-20 x 2025-10-24 ...
2026-03-23 17:41:57,577  INFO        [NVDA] Saved  40 rows -> NVDA/phase3/NVDA_2025-10-20_2025-10-24.csv
2026-03-23 17:41:57,578  INFO        [NVDA] Fetching 2025-10-20 x 2025-11-21 ...
2026-03-23 17:41:59,520  INFO        [NVDA] Saved  40 rows -> NVDA/phase3/NVDA_2025-10-20_2025-11-21.csv
2026-03-23 17:41:59,520  INFO        [NVDA] Fetching 2025-10-20 x 2026-01-16 ...
2026-03-23 17:42:01,433  INFO        [NVDA] Saved  40 rows -> NVDA/phase3/NVDA_2025-10-20_2026-01-16.csv
2026-03-23 17:42:01,434  INFO        [NVDA] Fetching 2025-10-20 x 2026-04-17 ...
2026-03-23 17:42:03,020  INFO        [NVDA] Saved  40 rows -> NVDA/phase3/NVDA_2025-10-20_2026-04-17.csv
2026-03-23 17:42:05,075  INFO        [AMZN] Fetching 2025-10-20 x 2025-10-24 ...
2026-03-23 17:42:06,968  INFO        [AMZN] Saved  40 rows -> AMZN/phase3/AMZN_2025-10-20_2025-10-24.csv
2026-03-23 17:42:06,969  INFO        [AMZN] Fetching 2025-10-20 x 2025-11-21 ...
2026-03-23 17:42:08,418  INFO        [AMZN] Saved  40 rows -> AMZN/phase3/AMZN_2025-10-20_2025-11-21.csv
2026-03-23 17:42:08,419  INFO        [AMZN] Fetching 2025-10-20 x 2026-01-16 ...
2026-03-23 17:42:10,757  INFO        [AMZN] Saved  40 rows -> AMZN/phase3/AMZN_2025-10-20_2026-01-16.csv
2026-03-23 17:42:10,758  INFO        [AMZN] Fetching 2025-10-20 x 2026-04-17 ...
2026-03-23 17:42:12,627  INFO        [AMZN] Saved  40 rows -> AMZN/phase3/AMZN_2025-10-20_2026-04-17.csv
2026-03-23 17:42:14,033  INFO        [PG] Fetching 2025-10-20 x 2025-10-24 ...
2026-03-23 17:42:15,934  INFO        [PG] Saved  40 rows -> PG/phase3/PG_2025-10-20_2025-10-24.csv
2026-03-23 17:42:15,935  INFO        [PG] Fetching 2025-10-20 x 2025-11-21 ...
2026-03-23 17:42:17,280  INFO        [PG] Saved  40 rows -> PG/phase3/PG_2025-10-20_2025-11-21.csv
2026-03-23 17:42:17,281  INFO        [PG] Fetching 2025-10-20 x 2026-01-16 ...
2026-03-23 17:42:18,731  INFO        [PG] Saved  40 rows -> PG/phase3/PG_2025-10-20_2026-01-16.csv
2026-03-23 17:42:18,732  INFO        [PG] Fetching 2025-10-20 x 2026-04-17 ...
2026-03-23 17:42:20,444  INFO        [PG] Saved  40 rows -> PG/phase3/PG_2025-10-20_2026-04-17.csv
2026-03-23 17:42:22,028  INFO        [CAT] Fetching 2025-10-20 x 2025-10-24 ...
2026-03-23 17:42:23,249  INFO        [CAT] Saved  40 rows -> CAT/phase3/CAT_2025-10-20_2025-10-24.csv
2026-03-23 17:42:23,251  INFO        [CAT] Fetching 2025-10-20 x 2025-11-21 ...
2026-03-23 17:42:24,470  INFO        [CAT] Saved  40 rows -> CAT/phase3/CAT_2025-10-20_2025-11-21.csv
2026-03-23 17:42:24,470  INFO        [CAT] Fetching 2025-10-20 x 2026-01-16 ...
2026-03-23 17:42:26,475  INFO        [CAT] Saved  40 rows -> CAT/phase3/CAT_2025-10-20_2026-01-16.csv
2026-03-23 17:42:26,475  INFO        [CAT] Fetching 2025-10-20 x 2026-05-15 ...
2026-03-23 17:42:27,906  INFO        [CAT] Saved  40 rows -> CAT/phase3/CAT_2025-10-20_2026-05-15.csv
2026-03-23 17:42:27,906  INFO      
[25/36] 2025-10-27
2026-03-23 17:42:30,181  INFO        [AAPL] Fetching 2025-10-27 x 2025-10-31 ...
2026-03-23 17:42:31,366  INFO        [AAPL] Saved  40 rows -> AAPL/phase3/AAPL_2025-10-27_2025-10-31.csv
2026-03-23 17:42:31,367  INFO        [AAPL] Fetching 2025-10-27 x 2025-11-28 ...
2026-03-23 17:42:33,106  INFO        [AAPL] Saved  40 rows -> AAPL/phase3/AAPL_2025-10-27_2025-11-28.csv
2026-03-23 17:42:33,106  INFO        [AAPL] Fetching 2025-10-27 x 2026-01-16 ...
2026-03-23 17:42:34,339  INFO        [AAPL] Saved  40 rows -> AAPL/phase3/AAPL_2025-10-27_2026-01-16.csv
2026-03-23 17:42:34,340  INFO        [AAPL] Fetching 2025-10-27 x 2026-04-17 ...
2026-03-23 17:42:35,547  INFO        [AAPL] Saved  40 rows -> AAPL/phase3/AAPL_2025-10-27_2026-04-17.csv
2026-03-23 17:42:38,066  INFO        [NVDA] Fetching 2025-10-27 x 2025-10-31 ...
2026-03-23 17:42:39,305  INFO        [NVDA] Saved  40 rows -> NVDA/phase3/NVDA_2025-10-27_2025-10-31.csv
2026-03-23 17:42:39,306  INFO        [NVDA] Fetching 2025-10-27 x 2025-11-28 ...
2026-03-23 17:42:40,516  INFO        [NVDA] Saved  40 rows -> NVDA/phase3/NVDA_2025-10-27_2025-11-28.csv
2026-03-23 17:42:40,517  INFO        [NVDA] Fetching 2025-10-27 x 2026-01-16 ...
2026-03-23 17:42:41,824  INFO        [NVDA] Saved  40 rows -> NVDA/phase3/NVDA_2025-10-27_2026-01-16.csv
2026-03-23 17:42:41,824  INFO        [NVDA] Fetching 2025-10-27 x 2026-04-17 ...
2026-03-23 17:42:43,068  INFO        [NVDA] Saved  40 rows -> NVDA/phase3/NVDA_2025-10-27_2026-04-17.csv
2026-03-23 17:42:44,678  INFO        [AMZN] Fetching 2025-10-27 x 2025-10-31 ...
2026-03-23 17:42:45,935  INFO        [AMZN] Saved  40 rows -> AMZN/phase3/AMZN_2025-10-27_2025-10-31.csv
2026-03-23 17:42:45,936  INFO        [AMZN] Fetching 2025-10-27 x 2025-11-28 ...
2026-03-23 17:42:47,419  INFO        [AMZN] Saved  40 rows -> AMZN/phase3/AMZN_2025-10-27_2025-11-28.csv
2026-03-23 17:42:47,419  INFO        [AMZN] Fetching 2025-10-27 x 2026-01-16 ...
2026-03-23 17:42:48,881  INFO        [AMZN] Saved  40 rows -> AMZN/phase3/AMZN_2025-10-27_2026-01-16.csv
2026-03-23 17:42:48,881  INFO        [AMZN] Fetching 2025-10-27 x 2026-04-17 ...
2026-03-23 17:42:50,713  INFO        [AMZN] Saved  40 rows -> AMZN/phase3/AMZN_2025-10-27_2026-04-17.csv
2026-03-23 17:42:52,649  INFO        [PG] Fetching 2025-10-27 x 2025-10-31 ...
2026-03-23 17:42:53,869  INFO        [PG] Saved  40 rows -> PG/phase3/PG_2025-10-27_2025-10-31.csv
2026-03-23 17:42:53,869  INFO        [PG] Fetching 2025-10-27 x 2025-11-28 ...
2026-03-23 17:42:55,109  INFO        [PG] Saved  40 rows -> PG/phase3/PG_2025-10-27_2025-11-28.csv
2026-03-23 17:42:55,109  INFO        [PG] Fetching 2025-10-27 x 2026-01-16 ...
2026-03-23 17:42:56,314  INFO        [PG] Saved  40 rows -> PG/phase3/PG_2025-10-27_2026-01-16.csv
2026-03-23 17:42:56,315  INFO        [PG] Fetching 2025-10-27 x 2026-04-17 ...
2026-03-23 17:42:57,513  INFO        [PG] Saved  40 rows -> PG/phase3/PG_2025-10-27_2026-04-17.csv
2026-03-23 17:42:59,213  INFO        [CAT] Fetching 2025-10-27 x 2025-10-31 ...
2026-03-23 17:43:00,459  INFO        [CAT] Saved  40 rows -> CAT/phase3/CAT_2025-10-27_2025-10-31.csv
2026-03-23 17:43:00,460  INFO        [CAT] Fetching 2025-10-27 x 2025-11-28 ...
2026-03-23 17:43:02,244  INFO        [CAT] Saved  40 rows -> CAT/phase3/CAT_2025-10-27_2025-11-28.csv
2026-03-23 17:43:02,244  INFO        [CAT] Fetching 2025-10-27 x 2026-01-16 ...
2026-03-23 17:43:03,420  INFO        [CAT] Saved  40 rows -> CAT/phase3/CAT_2025-10-27_2026-01-16.csv
2026-03-23 17:43:03,421  INFO        [CAT] Fetching 2025-10-27 x 2026-05-15 ...
2026-03-23 17:43:04,694  INFO        [CAT] Saved  40 rows -> CAT/phase3/CAT_2025-10-27_2026-05-15.csv
2026-03-23 17:43:04,695  INFO      
[26/36] 2025-11-03
2026-03-23 17:43:06,993  INFO        [AAPL] Fetching 2025-11-03 x 2025-11-07 ...
2026-03-23 17:43:08,256  INFO        [AAPL] Saved  40 rows -> AAPL/phase3/AAPL_2025-11-03_2025-11-07.csv
2026-03-23 17:43:08,257  INFO        [AAPL] Fetching 2025-11-03 x 2025-12-05 ...
2026-03-23 17:43:09,408  INFO        [AAPL] Saved  40 rows -> AAPL/phase3/AAPL_2025-11-03_2025-12-05.csv
2026-03-23 17:43:09,408  INFO        [AAPL] Fetching 2025-11-03 x 2026-01-16 ...
2026-03-23 17:43:10,676  INFO        [AAPL] Saved  40 rows -> AAPL/phase3/AAPL_2025-11-03_2026-01-16.csv
2026-03-23 17:43:10,677  INFO        [AAPL] Fetching 2025-11-03 x 2026-05-15 ...
2026-03-23 17:43:11,992  INFO        [AAPL] Saved  40 rows -> AAPL/phase3/AAPL_2025-11-03_2026-05-15.csv
2026-03-23 17:43:14,597  INFO        [NVDA] Fetching 2025-11-03 x 2025-11-07 ...
2026-03-23 17:43:16,369  INFO        [NVDA] Saved  40 rows -> NVDA/phase3/NVDA_2025-11-03_2025-11-07.csv
2026-03-23 17:43:16,370  INFO        [NVDA] Fetching 2025-11-03 x 2025-12-05 ...
2026-03-23 17:43:17,557  INFO        [NVDA] Saved  40 rows -> NVDA/phase3/NVDA_2025-11-03_2025-12-05.csv
2026-03-23 17:43:17,558  INFO        [NVDA] Fetching 2025-11-03 x 2026-01-16 ...
2026-03-23 17:43:19,428  INFO        [NVDA] Saved  40 rows -> NVDA/phase3/NVDA_2025-11-03_2026-01-16.csv
2026-03-23 17:43:19,429  INFO        [NVDA] Fetching 2025-11-03 x 2026-05-15 ...
2026-03-23 17:43:20,728  INFO        [NVDA] Saved  40 rows -> NVDA/phase3/NVDA_2025-11-03_2026-05-15.csv
2026-03-23 17:43:23,019  INFO        [AMZN] Fetching 2025-11-03 x 2025-11-07 ...
2026-03-23 17:43:24,240  INFO        [AMZN] Saved  40 rows -> AMZN/phase3/AMZN_2025-11-03_2025-11-07.csv
2026-03-23 17:43:24,241  INFO        [AMZN] Fetching 2025-11-03 x 2025-12-05 ...
2026-03-23 17:43:25,549  INFO        [AMZN] Saved  40 rows -> AMZN/phase3/AMZN_2025-11-03_2025-12-05.csv
2026-03-23 17:43:25,550  INFO        [AMZN] Fetching 2025-11-03 x 2026-01-16 ...
2026-03-23 17:43:26,757  INFO        [AMZN] Saved  40 rows -> AMZN/phase3/AMZN_2025-11-03_2026-01-16.csv
2026-03-23 17:43:26,758  INFO        [AMZN] Fetching 2025-11-03 x 2026-05-15 ...
2026-03-23 17:43:28,047  INFO        [AMZN] Saved  40 rows -> AMZN/phase3/AMZN_2025-11-03_2026-05-15.csv
2026-03-23 17:43:30,055  INFO        [PG] Fetching 2025-11-03 x 2025-11-07 ...
2026-03-23 17:43:31,305  INFO        [PG] Saved  40 rows -> PG/phase3/PG_2025-11-03_2025-11-07.csv
2026-03-23 17:43:31,306  INFO        [PG] Fetching 2025-11-03 x 2025-12-05 ...
2026-03-23 17:43:32,666  INFO        [PG] Saved  40 rows -> PG/phase3/PG_2025-11-03_2025-12-05.csv
2026-03-23 17:43:32,667  INFO        [PG] Fetching 2025-11-03 x 2026-01-16 ...
2026-03-23 17:43:34,081  INFO        [PG] Saved  40 rows -> PG/phase3/PG_2025-11-03_2026-01-16.csv
2026-03-23 17:43:34,082  INFO        [PG] Fetching 2025-11-03 x 2026-04-17 ...
2026-03-23 17:43:35,424  INFO        [PG] Saved  40 rows -> PG/phase3/PG_2025-11-03_2026-04-17.csv
2026-03-23 17:43:37,379  INFO        [CAT] Fetching 2025-11-03 x 2025-11-07 ...
2026-03-23 17:43:39,163  INFO        [CAT] Saved  40 rows -> CAT/phase3/CAT_2025-11-03_2025-11-07.csv
2026-03-23 17:43:39,164  INFO        [CAT] Fetching 2025-11-03 x 2025-12-05 ...
2026-03-23 17:43:40,623  INFO        [CAT] Saved  40 rows -> CAT/phase3/CAT_2025-11-03_2025-12-05.csv
2026-03-23 17:43:40,623  INFO        [CAT] Fetching 2025-11-03 x 2026-01-16 ...
2026-03-23 17:43:41,912  INFO        [CAT] Saved  40 rows -> CAT/phase3/CAT_2025-11-03_2026-01-16.csv
2026-03-23 17:43:41,912  INFO        [CAT] Fetching 2025-11-03 x 2026-05-15 ...
2026-03-23 17:43:43,534  INFO        [CAT] Saved  40 rows -> CAT/phase3/CAT_2025-11-03_2026-05-15.csv
2026-03-23 17:43:43,534  INFO      
[27/36] 2025-11-10
2026-03-23 17:43:46,194  INFO        [AAPL] Fetching 2025-11-10 x 2025-11-14 ...
2026-03-23 17:43:47,460  INFO        [AAPL] Saved  40 rows -> AAPL/phase3/AAPL_2025-11-10_2025-11-14.csv
2026-03-23 17:43:47,461  INFO        [AAPL] Fetching 2025-11-10 x 2025-12-12 ...
2026-03-23 17:43:49,607  INFO        [AAPL] Saved  40 rows -> AAPL/phase3/AAPL_2025-11-10_2025-12-12.csv
2026-03-23 17:43:49,608  INFO        [AAPL] Fetching 2025-11-10 x 2026-02-20 ...
2026-03-23 17:43:50,818  INFO        [AAPL] Saved  40 rows -> AAPL/phase3/AAPL_2025-11-10_2026-02-20.csv
2026-03-23 17:43:50,819  INFO        [AAPL] Fetching 2025-11-10 x 2026-05-15 ...
2026-03-23 17:43:52,009  INFO        [AAPL] Saved  40 rows -> AAPL/phase3/AAPL_2025-11-10_2026-05-15.csv
2026-03-23 17:43:53,976  INFO        [NVDA] Fetching 2025-11-10 x 2025-11-14 ...
2026-03-23 17:43:55,687  INFO        [NVDA] Saved  40 rows -> NVDA/phase3/NVDA_2025-11-10_2025-11-14.csv
2026-03-23 17:43:55,688  INFO        [NVDA] Fetching 2025-11-10 x 2025-12-12 ...
2026-03-23 17:43:57,377  INFO        [NVDA] Saved  40 rows -> NVDA/phase3/NVDA_2025-11-10_2025-12-12.csv
2026-03-23 17:43:57,379  INFO        [NVDA] Fetching 2025-11-10 x 2026-02-20 ...
2026-03-23 17:43:59,401  INFO        [NVDA] Saved  40 rows -> NVDA/phase3/NVDA_2025-11-10_2026-02-20.csv
2026-03-23 17:43:59,402  INFO        [NVDA] Fetching 2025-11-10 x 2026-05-15 ...
2026-03-23 17:44:01,626  INFO        [NVDA] Saved  40 rows -> NVDA/phase3/NVDA_2025-11-10_2026-05-15.csv
2026-03-23 17:44:03,688  INFO        [AMZN] Fetching 2025-11-10 x 2025-11-14 ...
2026-03-23 17:44:05,672  INFO        [AMZN] Saved  40 rows -> AMZN/phase3/AMZN_2025-11-10_2025-11-14.csv
2026-03-23 17:44:05,674  INFO        [AMZN] Fetching 2025-11-10 x 2025-12-12 ...
2026-03-23 17:44:07,857  INFO        [AMZN] Saved  40 rows -> AMZN/phase3/AMZN_2025-11-10_2025-12-12.csv
2026-03-23 17:44:07,860  INFO        [AMZN] Fetching 2025-11-10 x 2026-02-20 ...
2026-03-23 17:44:09,349  INFO        [AMZN] Saved  40 rows -> AMZN/phase3/AMZN_2025-11-10_2026-02-20.csv
2026-03-23 17:44:09,350  INFO        [AMZN] Fetching 2025-11-10 x 2026-05-15 ...
2026-03-23 17:44:11,070  INFO        [AMZN] Saved  40 rows -> AMZN/phase3/AMZN_2025-11-10_2026-05-15.csv
2026-03-23 17:44:12,818  INFO        [PG] Fetching 2025-11-10 x 2025-11-14 ...
2026-03-23 17:44:14,016  INFO        [PG] Saved  40 rows -> PG/phase3/PG_2025-11-10_2025-11-14.csv
2026-03-23 17:44:14,017  INFO        [PG] Fetching 2025-11-10 x 2025-12-12 ...
2026-03-23 17:44:15,285  INFO        [PG] Saved  40 rows -> PG/phase3/PG_2025-11-10_2025-12-12.csv
2026-03-23 17:44:15,286  INFO        [PG] Fetching 2025-11-10 x 2026-02-20 ...
2026-03-23 17:44:23,280  INFO        [PG] Saved  40 rows -> PG/phase3/PG_2025-11-10_2026-02-20.csv
2026-03-23 17:44:23,281  INFO        [PG] Fetching 2025-11-10 x 2026-04-17 ...
2026-03-23 17:44:24,400  INFO        [PG] Saved  40 rows -> PG/phase3/PG_2025-11-10_2026-04-17.csv
2026-03-23 17:44:26,784  INFO        [CAT] Fetching 2025-11-10 x 2025-11-14 ...
2026-03-23 17:44:28,056  INFO        [CAT] Saved  40 rows -> CAT/phase3/CAT_2025-11-10_2025-11-14.csv
2026-03-23 17:44:28,057  INFO        [CAT] Fetching 2025-11-10 x 2025-12-12 ...
2026-03-23 17:44:29,286  INFO        [CAT] Saved  40 rows -> CAT/phase3/CAT_2025-11-10_2025-12-12.csv
2026-03-23 17:44:29,286  INFO        [CAT] Fetching 2025-11-10 x 2026-02-20 ...
2026-03-23 17:44:30,939  INFO        [CAT] Saved  40 rows -> CAT/phase3/CAT_2025-11-10_2026-02-20.csv
2026-03-23 17:44:30,939  INFO        [CAT] Fetching 2025-11-10 x 2026-05-15 ...
2026-03-23 17:44:32,154  INFO        [CAT] Saved  40 rows -> CAT/phase3/CAT_2025-11-10_2026-05-15.csv
2026-03-23 17:44:32,154  INFO      
[28/36] 2025-11-17
2026-03-23 17:44:33,666  INFO        [AAPL] Fetching 2025-11-17 x 2025-11-21 ...
2026-03-23 17:44:34,842  INFO        [AAPL] Saved  40 rows -> AAPL/phase3/AAPL_2025-11-17_2025-11-21.csv
2026-03-23 17:44:34,842  INFO        [AAPL] Fetching 2025-11-17 x 2025-12-19 ...
2026-03-23 17:44:36,235  INFO        [AAPL] Saved  40 rows -> AAPL/phase3/AAPL_2025-11-17_2025-12-19.csv
2026-03-23 17:44:36,235  INFO        [AAPL] Fetching 2025-11-17 x 2026-02-20 ...
2026-03-23 17:44:37,448  INFO        [AAPL] Saved  40 rows -> AAPL/phase3/AAPL_2025-11-17_2026-02-20.csv
2026-03-23 17:44:37,449  INFO        [AAPL] Fetching 2025-11-17 x 2026-05-15 ...
2026-03-23 17:44:38,643  INFO        [AAPL] Saved  40 rows -> AAPL/phase3/AAPL_2025-11-17_2026-05-15.csv
2026-03-23 17:44:40,906  INFO        [NVDA] Fetching 2025-11-17 x 2025-11-21 ...
2026-03-23 17:44:42,140  INFO        [NVDA] Saved  40 rows -> NVDA/phase3/NVDA_2025-11-17_2025-11-21.csv
2026-03-23 17:44:42,141  INFO        [NVDA] Fetching 2025-11-17 x 2025-12-19 ...
2026-03-23 17:44:43,342  INFO        [NVDA] Saved  40 rows -> NVDA/phase3/NVDA_2025-11-17_2025-12-19.csv
2026-03-23 17:44:43,343  INFO        [NVDA] Fetching 2025-11-17 x 2026-02-20 ...
2026-03-23 17:44:44,608  INFO        [NVDA] Saved  40 rows -> NVDA/phase3/NVDA_2025-11-17_2026-02-20.csv
2026-03-23 17:44:44,609  INFO        [NVDA] Fetching 2025-11-17 x 2026-05-15 ...
2026-03-23 17:44:46,152  INFO        [NVDA] Saved  40 rows -> NVDA/phase3/NVDA_2025-11-17_2026-05-15.csv
2026-03-23 17:44:47,753  INFO        [AMZN] Fetching 2025-11-17 x 2025-11-21 ...
2026-03-23 17:44:49,633  INFO        [AMZN] Saved  40 rows -> AMZN/phase3/AMZN_2025-11-17_2025-11-21.csv
2026-03-23 17:44:49,634  INFO        [AMZN] Fetching 2025-11-17 x 2025-12-19 ...
2026-03-23 17:44:51,371  INFO        [AMZN] Saved  40 rows -> AMZN/phase3/AMZN_2025-11-17_2025-12-19.csv
2026-03-23 17:44:51,372  INFO        [AMZN] Fetching 2025-11-17 x 2026-02-20 ...
2026-03-23 17:44:52,777  INFO        [AMZN] Saved  40 rows -> AMZN/phase3/AMZN_2025-11-17_2026-02-20.csv
2026-03-23 17:44:52,778  INFO        [AMZN] Fetching 2025-11-17 x 2026-05-15 ...
2026-03-23 17:44:54,455  INFO        [AMZN] Saved  40 rows -> AMZN/phase3/AMZN_2025-11-17_2026-05-15.csv
2026-03-23 17:44:55,751  INFO        [PG] Fetching 2025-11-17 x 2025-11-21 ...
2026-03-23 17:44:57,038  INFO        [PG] Saved  40 rows -> PG/phase3/PG_2025-11-17_2025-11-21.csv
2026-03-23 17:44:57,039  INFO        [PG] Fetching 2025-11-17 x 2025-12-19 ...
2026-03-23 17:44:58,750  INFO        [PG] Saved  40 rows -> PG/phase3/PG_2025-11-17_2025-12-19.csv
2026-03-23 17:44:58,750  INFO        [PG] Fetching 2025-11-17 x 2026-02-20 ...
2026-03-23 17:45:00,441  INFO        [PG] Saved  40 rows -> PG/phase3/PG_2025-11-17_2026-02-20.csv
2026-03-23 17:45:00,442  INFO        [PG] Fetching 2025-11-17 x 2026-04-17 ...
2026-03-23 17:45:02,210  INFO        [PG] Saved  40 rows -> PG/phase3/PG_2025-11-17_2026-04-17.csv
2026-03-23 17:45:03,879  INFO        [CAT] Fetching 2025-11-17 x 2025-11-21 ...
2026-03-23 17:45:05,063  INFO        [CAT] Saved  40 rows -> CAT/phase3/CAT_2025-11-17_2025-11-21.csv
2026-03-23 17:45:05,064  INFO        [CAT] Fetching 2025-11-17 x 2025-12-19 ...
2026-03-23 17:45:06,220  INFO        [CAT] Saved  40 rows -> CAT/phase3/CAT_2025-11-17_2025-12-19.csv
2026-03-23 17:45:06,220  INFO        [CAT] Fetching 2025-11-17 x 2026-02-20 ...
2026-03-23 17:45:07,501  INFO        [CAT] Saved  40 rows -> CAT/phase3/CAT_2025-11-17_2026-02-20.csv
2026-03-23 17:45:07,502  INFO        [CAT] Fetching 2025-11-17 x 2026-05-15 ...
2026-03-23 17:45:08,705  INFO        [CAT] Saved  40 rows -> CAT/phase3/CAT_2025-11-17_2026-05-15.csv
2026-03-23 17:45:08,705  INFO      
[29/36] 2025-11-24
2026-03-23 17:45:10,451  INFO        [AAPL] Fetching 2025-11-24 x 2025-11-28 ...
2026-03-23 17:45:11,700  INFO        [AAPL] Saved  40 rows -> AAPL/phase3/AAPL_2025-11-24_2025-11-28.csv
2026-03-23 17:45:11,700  INFO        [AAPL] Fetching 2025-11-24 x 2025-12-26 ...
2026-03-23 17:45:12,834  INFO        [AAPL] Saved  40 rows -> AAPL/phase3/AAPL_2025-11-24_2025-12-26.csv
2026-03-23 17:45:12,835  INFO        [AAPL] Fetching 2025-11-24 x 2026-02-20 ...
2026-03-23 17:45:14,072  INFO        [AAPL] Saved  40 rows -> AAPL/phase3/AAPL_2025-11-24_2026-02-20.csv
2026-03-23 17:45:14,073  INFO        [AAPL] Fetching 2025-11-24 x 2026-05-15 ...
2026-03-23 17:45:15,783  INFO        [AAPL] Saved  40 rows -> AAPL/phase3/AAPL_2025-11-24_2026-05-15.csv
2026-03-23 17:45:17,795  INFO        [NVDA] Fetching 2025-11-24 x 2025-11-28 ...
2026-03-23 17:45:18,999  INFO        [NVDA] Saved  40 rows -> NVDA/phase3/NVDA_2025-11-24_2025-11-28.csv
2026-03-23 17:45:19,000  INFO        [NVDA] Fetching 2025-11-24 x 2025-12-26 ...
2026-03-23 17:45:20,217  INFO        [NVDA] Saved  40 rows -> NVDA/phase3/NVDA_2025-11-24_2025-12-26.csv
2026-03-23 17:45:20,218  INFO        [NVDA] Fetching 2025-11-24 x 2026-02-20 ...
2026-03-23 17:45:21,371  INFO        [NVDA] Saved  40 rows -> NVDA/phase3/NVDA_2025-11-24_2026-02-20.csv
2026-03-23 17:45:21,372  INFO        [NVDA] Fetching 2025-11-24 x 2026-05-15 ...
2026-03-23 17:45:23,135  INFO        [NVDA] Saved  40 rows -> NVDA/phase3/NVDA_2025-11-24_2026-05-15.csv
2026-03-23 17:45:25,162  INFO        [AMZN] Fetching 2025-11-24 x 2025-11-28 ...
2026-03-23 17:45:26,347  INFO        [AMZN] Saved  40 rows -> AMZN/phase3/AMZN_2025-11-24_2025-11-28.csv
2026-03-23 17:45:26,347  INFO        [AMZN] Fetching 2025-11-24 x 2025-12-26 ...
2026-03-23 17:45:27,567  INFO        [AMZN] Saved  40 rows -> AMZN/phase3/AMZN_2025-11-24_2025-12-26.csv
2026-03-23 17:45:27,568  INFO        [AMZN] Fetching 2025-11-24 x 2026-02-20 ...
2026-03-23 17:45:28,711  INFO        [AMZN] Saved  40 rows -> AMZN/phase3/AMZN_2025-11-24_2026-02-20.csv
2026-03-23 17:45:28,712  INFO        [AMZN] Fetching 2025-11-24 x 2026-05-15 ...
2026-03-23 17:45:30,375  INFO        [AMZN] Saved  40 rows -> AMZN/phase3/AMZN_2025-11-24_2026-05-15.csv
2026-03-23 17:45:31,535  INFO        [PG] Fetching 2025-11-24 x 2025-11-28 ...
2026-03-23 17:45:32,805  INFO        [PG] Saved  40 rows -> PG/phase3/PG_2025-11-24_2025-11-28.csv
2026-03-23 17:45:32,805  INFO        [PG] Fetching 2025-11-24 x 2025-12-26 ...
2026-03-23 17:45:35,110  INFO        [PG] Saved  40 rows -> PG/phase3/PG_2025-11-24_2025-12-26.csv
2026-03-23 17:45:35,111  INFO        [PG] Fetching 2025-11-24 x 2026-02-20 ...
2026-03-23 17:45:36,346  INFO        [PG] Saved  40 rows -> PG/phase3/PG_2025-11-24_2026-02-20.csv
2026-03-23 17:45:36,347  INFO        [PG] Fetching 2025-11-24 x 2026-06-18 ...
2026-03-23 17:45:37,631  INFO        [PG] Saved  40 rows -> PG/phase3/PG_2025-11-24_2026-06-18.csv
2026-03-23 17:45:39,034  INFO        [CAT] Fetching 2025-11-24 x 2025-11-28 ...
2026-03-23 17:45:40,195  INFO        [CAT] Saved  40 rows -> CAT/phase3/CAT_2025-11-24_2025-11-28.csv
2026-03-23 17:45:40,195  INFO        [CAT] Fetching 2025-11-24 x 2025-12-26 ...
2026-03-23 17:45:41,446  INFO        [CAT] Saved  40 rows -> CAT/phase3/CAT_2025-11-24_2025-12-26.csv
2026-03-23 17:45:41,446  INFO        [CAT] Fetching 2025-11-24 x 2026-02-20 ...
2026-03-23 17:45:42,604  INFO        [CAT] Saved  40 rows -> CAT/phase3/CAT_2025-11-24_2026-02-20.csv
2026-03-23 17:45:42,605  INFO        [CAT] Fetching 2025-11-24 x 2026-05-15 ...
2026-03-23 17:45:44,304  INFO        [CAT] Saved  40 rows -> CAT/phase3/CAT_2025-11-24_2026-05-15.csv
2026-03-23 17:45:44,305  INFO      
[30/36] 2025-12-01
2026-03-23 17:45:45,712  INFO        [AAPL] Fetching 2025-12-01 x 2025-12-05 ...
2026-03-23 17:45:46,965  INFO        [AAPL] Saved  40 rows -> AAPL/phase3/AAPL_2025-12-01_2025-12-05.csv
2026-03-23 17:45:46,966  INFO        [AAPL] Fetching 2025-12-01 x 2026-01-02 ...
2026-03-23 17:45:48,810  INFO        [AAPL] Saved  40 rows -> AAPL/phase3/AAPL_2025-12-01_2026-01-02.csv
2026-03-23 17:45:48,811  INFO        [AAPL] Fetching 2025-12-01 x 2026-02-20 ...
2026-03-23 17:45:50,027  INFO        [AAPL] Saved  40 rows -> AAPL/phase3/AAPL_2025-12-01_2026-02-20.csv
2026-03-23 17:45:50,028  INFO        [AAPL] Fetching 2025-12-01 x 2026-05-15 ...
2026-03-23 17:45:51,275  INFO        [AAPL] Saved  40 rows -> AAPL/phase3/AAPL_2025-12-01_2026-05-15.csv
2026-03-23 17:45:53,070  INFO        [NVDA] Fetching 2025-12-01 x 2025-12-05 ...
2026-03-23 17:45:54,396  INFO        [NVDA] Saved  40 rows -> NVDA/phase3/NVDA_2025-12-01_2025-12-05.csv
2026-03-23 17:45:54,397  INFO        [NVDA] Fetching 2025-12-01 x 2026-01-02 ...
2026-03-23 17:45:56,123  INFO        [NVDA] Saved  40 rows -> NVDA/phase3/NVDA_2025-12-01_2026-01-02.csv
2026-03-23 17:45:56,124  INFO        [NVDA] Fetching 2025-12-01 x 2026-02-20 ...
2026-03-23 17:45:57,267  INFO        [NVDA] Saved  40 rows -> NVDA/phase3/NVDA_2025-12-01_2026-02-20.csv
2026-03-23 17:45:57,267  INFO        [NVDA] Fetching 2025-12-01 x 2026-05-15 ...
2026-03-23 17:45:58,638  INFO        [NVDA] Saved  40 rows -> NVDA/phase3/NVDA_2025-12-01_2026-05-15.csv
2026-03-23 17:46:00,145  INFO        [AMZN] Fetching 2025-12-01 x 2025-12-05 ...
2026-03-23 17:46:01,403  INFO        [AMZN] Saved  40 rows -> AMZN/phase3/AMZN_2025-12-01_2025-12-05.csv
2026-03-23 17:46:01,404  INFO        [AMZN] Fetching 2025-12-01 x 2026-01-02 ...
2026-03-23 17:46:02,717  INFO        [AMZN] Saved  40 rows -> AMZN/phase3/AMZN_2025-12-01_2026-01-02.csv
2026-03-23 17:46:02,718  INFO        [AMZN] Fetching 2025-12-01 x 2026-02-20 ...
2026-03-23 17:46:03,892  INFO        [AMZN] Saved  40 rows -> AMZN/phase3/AMZN_2025-12-01_2026-02-20.csv
2026-03-23 17:46:03,892  INFO        [AMZN] Fetching 2025-12-01 x 2026-05-15 ...
2026-03-23 17:46:05,103  INFO        [AMZN] Saved  40 rows -> AMZN/phase3/AMZN_2025-12-01_2026-05-15.csv
2026-03-23 17:46:06,384  INFO        [PG] Fetching 2025-12-01 x 2025-12-05 ...
2026-03-23 17:46:07,569  INFO        [PG] Saved  40 rows -> PG/phase3/PG_2025-12-01_2025-12-05.csv
2026-03-23 17:46:07,570  INFO        [PG] Fetching 2025-12-01 x 2026-01-02 ...
2026-03-23 17:46:08,928  INFO        [PG] Saved  40 rows -> PG/phase3/PG_2025-12-01_2026-01-02.csv
2026-03-23 17:46:08,928  INFO        [PG] Fetching 2025-12-01 x 2026-02-20 ...
2026-03-23 17:46:10,059  INFO        [PG] Saved  40 rows -> PG/phase3/PG_2025-12-01_2026-02-20.csv
2026-03-23 17:46:10,060  INFO        [PG] Fetching 2025-12-01 x 2026-06-18 ...
2026-03-23 17:46:11,199  INFO        [PG] Saved  40 rows -> PG/phase3/PG_2025-12-01_2026-06-18.csv
2026-03-23 17:46:12,917  INFO        [CAT] Fetching 2025-12-01 x 2025-12-05 ...
2026-03-23 17:46:14,137  INFO        [CAT] Saved  40 rows -> CAT/phase3/CAT_2025-12-01_2025-12-05.csv
2026-03-23 17:46:14,138  INFO        [CAT] Fetching 2025-12-01 x 2026-01-02 ...
2026-03-23 17:46:15,381  INFO        [CAT] Saved  40 rows -> CAT/phase3/CAT_2025-12-01_2026-01-02.csv
2026-03-23 17:46:15,381  INFO        [CAT] Fetching 2025-12-01 x 2026-02-20 ...
2026-03-23 17:46:16,570  INFO        [CAT] Saved  40 rows -> CAT/phase3/CAT_2025-12-01_2026-02-20.csv
2026-03-23 17:46:16,571  INFO        [CAT] Fetching 2025-12-01 x 2026-05-15 ...
2026-03-23 17:46:17,768  INFO        [CAT] Saved  40 rows -> CAT/phase3/CAT_2025-12-01_2026-05-15.csv
2026-03-23 17:46:17,769  INFO      
[31/36] 2025-12-08
2026-03-23 17:46:19,576  INFO        [AAPL] Fetching 2025-12-08 x 2025-12-12 ...
2026-03-23 17:46:20,775  INFO        [AAPL] Saved  40 rows -> AAPL/phase3/AAPL_2025-12-08_2025-12-12.csv
2026-03-23 17:46:20,776  INFO        [AAPL] Fetching 2025-12-08 x 2026-01-09 ...
2026-03-23 17:46:22,044  INFO        [AAPL] Saved  40 rows -> AAPL/phase3/AAPL_2025-12-08_2026-01-09.csv
2026-03-23 17:46:22,045  INFO        [AAPL] Fetching 2025-12-08 x 2026-03-20 ...
2026-03-23 17:46:23,238  INFO        [AAPL] Saved  40 rows -> AAPL/phase3/AAPL_2025-12-08_2026-03-20.csv
2026-03-23 17:46:23,238  INFO        [AAPL] Fetching 2025-12-08 x 2026-06-18 ...
2026-03-23 17:46:25,537  INFO        [AAPL] Saved  40 rows -> AAPL/phase3/AAPL_2025-12-08_2026-06-18.csv
2026-03-23 17:46:27,429  INFO        [NVDA] Fetching 2025-12-08 x 2025-12-12 ...
2026-03-23 17:46:28,656  INFO        [NVDA] Saved  40 rows -> NVDA/phase3/NVDA_2025-12-08_2025-12-12.csv
2026-03-23 17:46:28,656  INFO        [NVDA] Fetching 2025-12-08 x 2026-01-09 ...
2026-03-23 17:46:30,536  INFO        [NVDA] Saved  40 rows -> NVDA/phase3/NVDA_2025-12-08_2026-01-09.csv
2026-03-23 17:46:30,536  INFO        [NVDA] Fetching 2025-12-08 x 2026-03-20 ...
2026-03-23 17:46:31,669  INFO        [NVDA] Saved  40 rows -> NVDA/phase3/NVDA_2025-12-08_2026-03-20.csv
2026-03-23 17:46:31,669  INFO        [NVDA] Fetching 2025-12-08 x 2026-06-18 ...
2026-03-23 17:46:32,895  INFO        [NVDA] Saved  40 rows -> NVDA/phase3/NVDA_2025-12-08_2026-06-18.csv
2026-03-23 17:46:34,863  INFO        [AMZN] Fetching 2025-12-08 x 2025-12-12 ...
2026-03-23 17:46:36,071  INFO        [AMZN] Saved  40 rows -> AMZN/phase3/AMZN_2025-12-08_2025-12-12.csv
2026-03-23 17:46:36,072  INFO        [AMZN] Fetching 2025-12-08 x 2026-01-09 ...
2026-03-23 17:46:37,322  INFO        [AMZN] Saved  40 rows -> AMZN/phase3/AMZN_2025-12-08_2026-01-09.csv
2026-03-23 17:46:37,323  INFO        [AMZN] Fetching 2025-12-08 x 2026-03-20 ...
2026-03-23 17:46:38,508  INFO        [AMZN] Saved  40 rows -> AMZN/phase3/AMZN_2025-12-08_2026-03-20.csv
2026-03-23 17:46:38,508  INFO        [AMZN] Fetching 2025-12-08 x 2026-06-18 ...
2026-03-23 17:46:39,706  INFO        [AMZN] Saved  40 rows -> AMZN/phase3/AMZN_2025-12-08_2026-06-18.csv
2026-03-23 17:46:41,082  INFO        [PG] Fetching 2025-12-08 x 2025-12-12 ...
2026-03-23 17:46:42,364  INFO        [PG] Saved  40 rows -> PG/phase3/PG_2025-12-08_2025-12-12.csv
2026-03-23 17:46:42,365  INFO        [PG] Fetching 2025-12-08 x 2026-01-09 ...
2026-03-23 17:46:44,186  INFO        [PG] Saved  40 rows -> PG/phase3/PG_2025-12-08_2026-01-09.csv
2026-03-23 17:46:44,187  INFO        [PG] Fetching 2025-12-08 x 2026-03-20 ...
2026-03-23 17:46:45,427  INFO        [PG] Saved  40 rows -> PG/phase3/PG_2025-12-08_2026-03-20.csv
2026-03-23 17:46:45,428  INFO        [PG] Fetching 2025-12-08 x 2026-06-18 ...
2026-03-23 17:46:47,121  INFO        [PG] Saved  40 rows -> PG/phase3/PG_2025-12-08_2026-06-18.csv
2026-03-23 17:46:48,867  INFO        [CAT] Fetching 2025-12-08 x 2025-12-12 ...
2026-03-23 17:46:50,156  INFO        [CAT] Saved  40 rows -> CAT/phase3/CAT_2025-12-08_2025-12-12.csv
2026-03-23 17:46:50,156  INFO        [CAT] Fetching 2025-12-08 x 2026-01-09 ...
2026-03-23 17:46:51,488  INFO        [CAT] Saved  40 rows -> CAT/phase3/CAT_2025-12-08_2026-01-09.csv
2026-03-23 17:46:51,489  INFO        [CAT] Fetching 2025-12-08 x 2026-03-20 ...
2026-03-23 17:46:52,815  INFO        [CAT] Saved  40 rows -> CAT/phase3/CAT_2025-12-08_2026-03-20.csv
2026-03-23 17:46:52,816  INFO        [CAT] Fetching 2025-12-08 x 2026-06-18 ...
2026-03-23 17:46:54,498  INFO        [CAT] Saved  40 rows -> CAT/phase3/CAT_2025-12-08_2026-06-18.csv
2026-03-23 17:46:54,498  INFO      
[32/36] 2025-12-15
2026-03-23 17:46:56,357  INFO        [AAPL] Fetching 2025-12-15 x 2025-12-19 ...
2026-03-23 17:46:57,626  INFO        [AAPL] Saved  40 rows -> AAPL/phase3/AAPL_2025-12-15_2025-12-19.csv
2026-03-23 17:46:57,627  INFO        [AAPL] Fetching 2025-12-15 x 2026-01-16 ...
2026-03-23 17:46:58,795  INFO        [AAPL] Saved  40 rows -> AAPL/phase3/AAPL_2025-12-15_2026-01-16.csv
2026-03-23 17:46:58,796  INFO        [AAPL] Fetching 2025-12-15 x 2026-03-20 ...
2026-03-23 17:46:59,953  INFO        [AAPL] Saved  40 rows -> AAPL/phase3/AAPL_2025-12-15_2026-03-20.csv
2026-03-23 17:46:59,954  INFO        [AAPL] Fetching 2025-12-15 x 2026-06-18 ...
2026-03-23 17:47:01,635  INFO        [AAPL] Saved  40 rows -> AAPL/phase3/AAPL_2025-12-15_2026-06-18.csv
2026-03-23 17:47:03,238  INFO        [NVDA] Fetching 2025-12-15 x 2025-12-19 ...
2026-03-23 17:47:04,515  INFO        [NVDA] Saved  40 rows -> NVDA/phase3/NVDA_2025-12-15_2025-12-19.csv
2026-03-23 17:47:04,516  INFO        [NVDA] Fetching 2025-12-15 x 2026-01-16 ...
2026-03-23 17:47:05,873  INFO        [NVDA] Saved  40 rows -> NVDA/phase3/NVDA_2025-12-15_2026-01-16.csv
2026-03-23 17:47:05,873  INFO        [NVDA] Fetching 2025-12-15 x 2026-03-20 ...
2026-03-23 17:47:07,114  INFO        [NVDA] Saved  40 rows -> NVDA/phase3/NVDA_2025-12-15_2026-03-20.csv
2026-03-23 17:47:07,115  INFO        [NVDA] Fetching 2025-12-15 x 2026-06-18 ...
2026-03-23 17:47:08,372  INFO        [NVDA] Saved  40 rows -> NVDA/phase3/NVDA_2025-12-15_2026-06-18.csv
2026-03-23 17:47:09,985  INFO        [AMZN] Fetching 2025-12-15 x 2025-12-19 ...
2026-03-23 17:47:11,262  INFO        [AMZN] Saved  40 rows -> AMZN/phase3/AMZN_2025-12-15_2025-12-19.csv
2026-03-23 17:47:11,263  INFO        [AMZN] Fetching 2025-12-15 x 2026-01-16 ...
2026-03-23 17:47:12,567  INFO        [AMZN] Saved  40 rows -> AMZN/phase3/AMZN_2025-12-15_2026-01-16.csv
2026-03-23 17:47:12,568  INFO        [AMZN] Fetching 2025-12-15 x 2026-03-20 ...
2026-03-23 17:47:13,844  INFO        [AMZN] Saved  40 rows -> AMZN/phase3/AMZN_2025-12-15_2026-03-20.csv
2026-03-23 17:47:13,845  INFO        [AMZN] Fetching 2025-12-15 x 2026-06-18 ...
2026-03-23 17:47:15,224  INFO        [AMZN] Saved  40 rows -> AMZN/phase3/AMZN_2025-12-15_2026-06-18.csv
2026-03-23 17:47:16,504  INFO        [PG] Fetching 2025-12-15 x 2025-12-19 ...
2026-03-23 17:47:17,895  INFO        [PG] Saved  40 rows -> PG/phase3/PG_2025-12-15_2025-12-19.csv
2026-03-23 17:47:17,896  INFO        [PG] Fetching 2025-12-15 x 2026-01-16 ...
2026-03-23 17:47:19,316  INFO        [PG] Saved  40 rows -> PG/phase3/PG_2025-12-15_2026-01-16.csv
2026-03-23 17:47:19,316  INFO        [PG] Fetching 2025-12-15 x 2026-03-20 ...
2026-03-23 17:47:20,749  INFO        [PG] Saved  40 rows -> PG/phase3/PG_2025-12-15_2026-03-20.csv
2026-03-23 17:47:20,750  INFO        [PG] Fetching 2025-12-15 x 2026-06-18 ...
2026-03-23 17:47:22,449  INFO        [PG] Saved  40 rows -> PG/phase3/PG_2025-12-15_2026-06-18.csv
2026-03-23 17:47:24,523  INFO        [CAT] Fetching 2025-12-15 x 2025-12-19 ...
2026-03-23 17:47:26,202  INFO        [CAT] Saved  40 rows -> CAT/phase3/CAT_2025-12-15_2025-12-19.csv
2026-03-23 17:47:26,203  INFO        [CAT] Fetching 2025-12-15 x 2026-01-16 ...
2026-03-23 17:47:27,539  INFO        [CAT] Saved  40 rows -> CAT/phase3/CAT_2025-12-15_2026-01-16.csv
2026-03-23 17:47:27,539  INFO        [CAT] Fetching 2025-12-15 x 2026-03-20 ...
2026-03-23 17:47:28,934  INFO        [CAT] Saved  40 rows -> CAT/phase3/CAT_2025-12-15_2026-03-20.csv
2026-03-23 17:47:28,934  INFO        [CAT] Fetching 2025-12-15 x 2026-06-18 ...
2026-03-23 17:47:30,197  INFO        [CAT] Saved  40 rows -> CAT/phase3/CAT_2025-12-15_2026-06-18.csv
2026-03-23 17:47:30,197  INFO      
[33/36] 2025-12-22
2026-03-23 17:47:32,136  INFO        [AAPL] Fetching 2025-12-22 x 2025-12-26 ...
2026-03-23 17:47:34,073  INFO        [AAPL] Saved  40 rows -> AAPL/phase3/AAPL_2025-12-22_2025-12-26.csv
2026-03-23 17:47:34,073  INFO        [AAPL] Fetching 2025-12-22 x 2026-01-23 ...
2026-03-23 17:47:35,381  INFO        [AAPL] Saved  40 rows -> AAPL/phase3/AAPL_2025-12-22_2026-01-23.csv
2026-03-23 17:47:35,382  INFO        [AAPL] Fetching 2025-12-22 x 2026-03-20 ...
2026-03-23 17:47:36,745  INFO        [AAPL] Saved  40 rows -> AAPL/phase3/AAPL_2025-12-22_2026-03-20.csv
2026-03-23 17:47:36,746  INFO        [AAPL] Fetching 2025-12-22 x 2026-06-18 ...
2026-03-23 17:47:38,490  INFO        [AAPL] Saved  40 rows -> AAPL/phase3/AAPL_2025-12-22_2026-06-18.csv
2026-03-23 17:47:40,217  INFO        [NVDA] Fetching 2025-12-22 x 2025-12-26 ...
2026-03-23 17:47:42,034  INFO        [NVDA] Saved  40 rows -> NVDA/phase3/NVDA_2025-12-22_2025-12-26.csv
2026-03-23 17:47:42,035  INFO        [NVDA] Fetching 2025-12-22 x 2026-01-23 ...
2026-03-23 17:47:43,886  INFO        [NVDA] Saved  40 rows -> NVDA/phase3/NVDA_2025-12-22_2026-01-23.csv
2026-03-23 17:47:43,886  INFO        [NVDA] Fetching 2025-12-22 x 2026-03-20 ...
2026-03-23 17:47:45,093  INFO        [NVDA] Saved  40 rows -> NVDA/phase3/NVDA_2025-12-22_2026-03-20.csv
2026-03-23 17:47:45,094  INFO        [NVDA] Fetching 2025-12-22 x 2026-06-18 ...
2026-03-23 17:47:46,349  INFO        [NVDA] Saved  40 rows -> NVDA/phase3/NVDA_2025-12-22_2026-06-18.csv
2026-03-23 17:47:47,819  INFO        [AMZN] Fetching 2025-12-22 x 2025-12-26 ...
2026-03-23 17:47:49,069  INFO        [AMZN] Saved  40 rows -> AMZN/phase3/AMZN_2025-12-22_2025-12-26.csv
2026-03-23 17:47:49,070  INFO        [AMZN] Fetching 2025-12-22 x 2026-01-23 ...
2026-03-23 17:47:50,772  INFO        [AMZN] Saved  40 rows -> AMZN/phase3/AMZN_2025-12-22_2026-01-23.csv
2026-03-23 17:47:50,772  INFO        [AMZN] Fetching 2025-12-22 x 2026-03-20 ...
2026-03-23 17:47:52,004  INFO        [AMZN] Saved  40 rows -> AMZN/phase3/AMZN_2025-12-22_2026-03-20.csv
2026-03-23 17:47:52,009  INFO        [AMZN] Fetching 2025-12-22 x 2026-06-18 ...
2026-03-23 17:47:53,159  INFO        [AMZN] Saved  40 rows -> AMZN/phase3/AMZN_2025-12-22_2026-06-18.csv
2026-03-23 17:47:54,448  INFO        [PG] Fetching 2025-12-22 x 2025-12-26 ...
2026-03-23 17:47:55,704  INFO        [PG] Saved  40 rows -> PG/phase3/PG_2025-12-22_2025-12-26.csv
2026-03-23 17:47:55,704  INFO        [PG] Fetching 2025-12-22 x 2026-01-23 ...
2026-03-23 17:47:56,968  INFO        [PG] Saved  40 rows -> PG/phase3/PG_2025-12-22_2026-01-23.csv
2026-03-23 17:47:56,968  INFO        [PG] Fetching 2025-12-22 x 2026-03-20 ...
2026-03-23 17:47:58,648  INFO        [PG] Saved  40 rows -> PG/phase3/PG_2025-12-22_2026-03-20.csv
2026-03-23 17:47:58,648  INFO        [PG] Fetching 2025-12-22 x 2026-06-18 ...
2026-03-23 17:47:59,979  INFO        [PG] Saved  40 rows -> PG/phase3/PG_2025-12-22_2026-06-18.csv
2026-03-23 17:48:01,615  INFO        [CAT] Fetching 2025-12-22 x 2025-12-26 ...
2026-03-23 17:48:03,454  INFO        [CAT] Saved  40 rows -> CAT/phase3/CAT_2025-12-22_2025-12-26.csv
2026-03-23 17:48:03,455  INFO        [CAT] Fetching 2025-12-22 x 2026-01-23 ...
2026-03-23 17:48:05,241  INFO        [CAT] Saved  40 rows -> CAT/phase3/CAT_2025-12-22_2026-01-23.csv
2026-03-23 17:48:05,242  INFO        [CAT] Fetching 2025-12-22 x 2026-03-20 ...
2026-03-23 17:48:06,954  INFO        [CAT] Saved  40 rows -> CAT/phase3/CAT_2025-12-22_2026-03-20.csv
2026-03-23 17:48:06,955  INFO        [CAT] Fetching 2025-12-22 x 2026-06-18 ...
2026-03-23 17:48:08,454  INFO        [CAT] Saved  40 rows -> CAT/phase3/CAT_2025-12-22_2026-06-18.csv
2026-03-23 17:48:08,455  INFO      
[34/36] 2025-12-29
2026-03-23 17:48:09,983  INFO        [AAPL] Fetching 2025-12-29 x 2026-01-02 ...
2026-03-23 17:48:11,395  INFO        [AAPL] Saved  40 rows -> AAPL/phase3/AAPL_2025-12-29_2026-01-02.csv
2026-03-23 17:48:11,396  INFO        [AAPL] Fetching 2025-12-29 x 2026-01-30 ...
2026-03-23 17:48:12,838  INFO        [AAPL] Saved  40 rows -> AAPL/phase3/AAPL_2025-12-29_2026-01-30.csv
2026-03-23 17:48:12,838  INFO        [AAPL] Fetching 2025-12-29 x 2026-03-20 ...
2026-03-23 17:48:14,154  INFO        [AAPL] Saved  40 rows -> AAPL/phase3/AAPL_2025-12-29_2026-03-20.csv
2026-03-23 17:48:14,155  INFO        [AAPL] Fetching 2025-12-29 x 2026-06-18 ...
2026-03-23 17:48:15,887  INFO        [AAPL] Saved  40 rows -> AAPL/phase3/AAPL_2025-12-29_2026-06-18.csv
2026-03-23 17:48:17,711  INFO        [NVDA] Fetching 2025-12-29 x 2026-01-02 ...
2026-03-23 17:48:19,078  INFO        [NVDA] Saved  40 rows -> NVDA/phase3/NVDA_2025-12-29_2026-01-02.csv
2026-03-23 17:48:19,078  INFO        [NVDA] Fetching 2025-12-29 x 2026-01-30 ...
2026-03-23 17:48:20,458  INFO        [NVDA] Saved  40 rows -> NVDA/phase3/NVDA_2025-12-29_2026-01-30.csv
2026-03-23 17:48:20,459  INFO        [NVDA] Fetching 2025-12-29 x 2026-03-20 ...
2026-03-23 17:48:21,706  INFO        [NVDA] Saved  40 rows -> NVDA/phase3/NVDA_2025-12-29_2026-03-20.csv
2026-03-23 17:48:21,707  INFO        [NVDA] Fetching 2025-12-29 x 2026-06-18 ...
2026-03-23 17:48:23,609  INFO        [NVDA] Saved  40 rows -> NVDA/phase3/NVDA_2025-12-29_2026-06-18.csv
2026-03-23 17:48:25,263  INFO        [AMZN] Fetching 2025-12-29 x 2026-01-02 ...
2026-03-23 17:48:26,423  INFO        [AMZN] Saved  40 rows -> AMZN/phase3/AMZN_2025-12-29_2026-01-02.csv
2026-03-23 17:48:26,423  INFO        [AMZN] Fetching 2025-12-29 x 2026-01-30 ...
2026-03-23 17:48:28,450  INFO        [AMZN] Saved  40 rows -> AMZN/phase3/AMZN_2025-12-29_2026-01-30.csv
2026-03-23 17:48:28,451  INFO        [AMZN] Fetching 2025-12-29 x 2026-03-20 ...
2026-03-23 17:48:29,709  INFO        [AMZN] Saved  40 rows -> AMZN/phase3/AMZN_2025-12-29_2026-03-20.csv
2026-03-23 17:48:29,710  INFO        [AMZN] Fetching 2025-12-29 x 2026-06-18 ...
2026-03-23 17:48:30,890  INFO        [AMZN] Saved  40 rows -> AMZN/phase3/AMZN_2025-12-29_2026-06-18.csv
2026-03-23 17:48:32,146  INFO        [PG] Fetching 2025-12-29 x 2026-01-02 ...
2026-03-23 17:48:33,359  INFO        [PG] Saved  40 rows -> PG/phase3/PG_2025-12-29_2026-01-02.csv
2026-03-23 17:48:33,359  INFO        [PG] Fetching 2025-12-29 x 2026-01-30 ...
2026-03-23 17:48:34,772  INFO        [PG] Saved  40 rows -> PG/phase3/PG_2025-12-29_2026-01-30.csv
2026-03-23 17:48:34,772  INFO        [PG] Fetching 2025-12-29 x 2026-03-20 ...
2026-03-23 17:48:36,017  INFO        [PG] Saved  40 rows -> PG/phase3/PG_2025-12-29_2026-03-20.csv
2026-03-23 17:48:36,018  INFO        [PG] Fetching 2025-12-29 x 2026-06-18 ...
2026-03-23 17:48:37,781  INFO        [PG] Saved  40 rows -> PG/phase3/PG_2025-12-29_2026-06-18.csv
2026-03-23 17:48:39,513  INFO        [CAT] Fetching 2025-12-29 x 2026-01-02 ...
2026-03-23 17:48:40,677  INFO        [CAT] Saved  40 rows -> CAT/phase3/CAT_2025-12-29_2026-01-02.csv
2026-03-23 17:48:40,678  INFO        [CAT] Fetching 2025-12-29 x 2026-01-30 ...
2026-03-23 17:48:42,045  INFO        [CAT] Saved  40 rows -> CAT/phase3/CAT_2025-12-29_2026-01-30.csv
2026-03-23 17:48:42,045  INFO        [CAT] Fetching 2025-12-29 x 2026-03-20 ...
2026-03-23 17:48:43,268  INFO        [CAT] Saved  40 rows -> CAT/phase3/CAT_2025-12-29_2026-03-20.csv
2026-03-23 17:48:43,269  INFO        [CAT] Fetching 2025-12-29 x 2026-06-18 ...
2026-03-23 17:48:44,939  INFO        [CAT] Saved  40 rows -> CAT/phase3/CAT_2025-12-29_2026-06-18.csv
2026-03-23 17:48:44,939  INFO      
[35/36] 2026-01-05
2026-03-23 17:48:46,779  INFO        [AAPL] Fetching 2026-01-05 x 2026-01-09 ...
2026-03-23 17:48:48,004  INFO        [AAPL] Saved  40 rows -> AAPL/phase3/AAPL_2026-01-05_2026-01-09.csv
2026-03-23 17:48:48,004  INFO        [AAPL] Fetching 2026-01-05 x 2026-02-06 ...
2026-03-23 17:48:49,283  INFO        [AAPL] Saved  40 rows -> AAPL/phase3/AAPL_2026-01-05_2026-02-06.csv
2026-03-23 17:48:49,283  INFO        [AAPL] Fetching 2026-01-05 x 2026-04-17 ...
2026-03-23 17:48:50,596  INFO        [AAPL] Saved  40 rows -> AAPL/phase3/AAPL_2026-01-05_2026-04-17.csv
2026-03-23 17:48:50,597  INFO        [AAPL] Fetching 2026-01-05 x 2026-07-17 ...
2026-03-23 17:48:52,259  INFO        [AAPL] Saved  40 rows -> AAPL/phase3/AAPL_2026-01-05_2026-07-17.csv
2026-03-23 17:48:54,466  INFO        [NVDA] Fetching 2026-01-05 x 2026-01-09 ...
2026-03-23 17:48:55,693  INFO        [NVDA] Saved  40 rows -> NVDA/phase3/NVDA_2026-01-05_2026-01-09.csv
2026-03-23 17:48:55,694  INFO        [NVDA] Fetching 2026-01-05 x 2026-02-06 ...
2026-03-23 17:48:57,579  INFO        [NVDA] Saved  40 rows -> NVDA/phase3/NVDA_2026-01-05_2026-02-06.csv
2026-03-23 17:48:57,580  INFO        [NVDA] Fetching 2026-01-05 x 2026-04-17 ...
2026-03-23 17:48:59,243  INFO        [NVDA] Saved  40 rows -> NVDA/phase3/NVDA_2026-01-05_2026-04-17.csv
2026-03-23 17:48:59,243  INFO        [NVDA] Fetching 2026-01-05 x 2026-07-17 ...
2026-03-23 17:49:00,491  INFO        [NVDA] Saved  40 rows -> NVDA/phase3/NVDA_2026-01-05_2026-07-17.csv
2026-03-23 17:49:02,075  INFO        [AMZN] Fetching 2026-01-05 x 2026-01-09 ...
2026-03-23 17:49:03,646  INFO        [AMZN] Saved  40 rows -> AMZN/phase3/AMZN_2026-01-05_2026-01-09.csv
2026-03-23 17:49:03,646  INFO        [AMZN] Fetching 2026-01-05 x 2026-02-06 ...
2026-03-23 17:49:05,392  INFO        [AMZN] Saved  40 rows -> AMZN/phase3/AMZN_2026-01-05_2026-02-06.csv
2026-03-23 17:49:05,393  INFO        [AMZN] Fetching 2026-01-05 x 2026-04-17 ...
2026-03-23 17:49:06,762  INFO        [AMZN] Saved  40 rows -> AMZN/phase3/AMZN_2026-01-05_2026-04-17.csv
2026-03-23 17:49:06,763  INFO        [AMZN] Fetching 2026-01-05 x 2026-07-17 ...
2026-03-23 17:49:07,917  INFO        [AMZN] Saved  40 rows -> AMZN/phase3/AMZN_2026-01-05_2026-07-17.csv
2026-03-23 17:49:09,228  INFO        [PG] Fetching 2026-01-05 x 2026-01-09 ...
2026-03-23 17:49:10,396  INFO        [PG] Saved  40 rows -> PG/phase3/PG_2026-01-05_2026-01-09.csv
2026-03-23 17:49:10,396  INFO        [PG] Fetching 2026-01-05 x 2026-02-06 ...
2026-03-23 17:49:11,589  INFO        [PG] Saved  40 rows -> PG/phase3/PG_2026-01-05_2026-02-06.csv
2026-03-23 17:49:11,590  INFO        [PG] Fetching 2026-01-05 x 2026-04-17 ...
2026-03-23 17:49:12,777  INFO        [PG] Saved  40 rows -> PG/phase3/PG_2026-01-05_2026-04-17.csv
2026-03-23 17:49:12,778  INFO        [PG] Fetching 2026-01-05 x 2026-07-17 ...
2026-03-23 17:49:14,027  INFO        [PG] Saved  40 rows -> PG/phase3/PG_2026-01-05_2026-07-17.csv
2026-03-23 17:49:15,632  INFO        [CAT] Fetching 2026-01-05 x 2026-01-09 ...
2026-03-23 17:49:17,353  INFO        [CAT] Saved  40 rows -> CAT/phase3/CAT_2026-01-05_2026-01-09.csv
2026-03-23 17:49:17,354  INFO        [CAT] Fetching 2026-01-05 x 2026-02-06 ...
2026-03-23 17:49:18,615  INFO        [CAT] Saved  40 rows -> CAT/phase3/CAT_2026-01-05_2026-02-06.csv
2026-03-23 17:49:18,615  INFO        [CAT] Fetching 2026-01-05 x 2026-03-20 ...
2026-03-23 17:49:19,892  INFO        [CAT] Saved  40 rows -> CAT/phase3/CAT_2026-01-05_2026-03-20.csv
2026-03-23 17:49:19,893  INFO        [CAT] Fetching 2026-01-05 x 2026-06-18 ...
2026-03-23 17:49:21,606  INFO        [CAT] Saved  40 rows -> CAT/phase3/CAT_2026-01-05_2026-06-18.csv
2026-03-23 17:49:21,606  INFO      
[36/36] 2026-01-12
2026-03-23 17:49:23,372  INFO        [AAPL] Fetching 2026-01-12 x 2026-01-16 ...
2026-03-23 17:49:25,057  INFO        [AAPL] Saved  40 rows -> AAPL/phase3/AAPL_2026-01-12_2026-01-16.csv
2026-03-23 17:49:25,057  INFO        [AAPL] Fetching 2026-01-12 x 2026-02-13 ...
2026-03-23 17:49:26,343  INFO        [AAPL] Saved  40 rows -> AAPL/phase3/AAPL_2026-01-12_2026-02-13.csv
2026-03-23 17:49:26,344  INFO        [AAPL] Fetching 2026-01-12 x 2026-04-17 ...
2026-03-23 17:49:27,586  INFO        [AAPL] Saved  40 rows -> AAPL/phase3/AAPL_2026-01-12_2026-04-17.csv
2026-03-23 17:49:27,587  INFO        [AAPL] Fetching 2026-01-12 x 2026-07-17 ...
2026-03-23 17:49:28,788  INFO        [AAPL] Saved  40 rows -> AAPL/phase3/AAPL_2026-01-12_2026-07-17.csv
2026-03-23 17:49:30,705  INFO        [NVDA] Fetching 2026-01-12 x 2026-01-16 ...
2026-03-23 17:49:32,046  INFO        [NVDA] Saved  40 rows -> NVDA/phase3/NVDA_2026-01-12_2026-01-16.csv
2026-03-23 17:49:32,047  INFO        [NVDA] Fetching 2026-01-12 x 2026-02-13 ...
2026-03-23 17:49:33,270  INFO        [NVDA] Saved  40 rows -> NVDA/phase3/NVDA_2026-01-12_2026-02-13.csv
2026-03-23 17:49:33,271  INFO        [NVDA] Fetching 2026-01-12 x 2026-04-17 ...
2026-03-23 17:49:34,441  INFO        [NVDA] Saved  40 rows -> NVDA/phase3/NVDA_2026-01-12_2026-04-17.csv
2026-03-23 17:49:34,442  INFO        [NVDA] Fetching 2026-01-12 x 2026-07-17 ...
2026-03-23 17:49:35,700  INFO        [NVDA] Saved  40 rows -> NVDA/phase3/NVDA_2026-01-12_2026-07-17.csv
2026-03-23 17:49:37,263  INFO        [AMZN] Fetching 2026-01-12 x 2026-01-16 ...
2026-03-23 17:49:38,503  INFO        [AMZN] Saved  40 rows -> AMZN/phase3/AMZN_2026-01-12_2026-01-16.csv
2026-03-23 17:49:38,504  INFO        [AMZN] Fetching 2026-01-12 x 2026-02-13 ...
2026-03-23 17:49:40,277  INFO        [AMZN] Saved  40 rows -> AMZN/phase3/AMZN_2026-01-12_2026-02-13.csv
2026-03-23 17:49:40,277  INFO        [AMZN] Fetching 2026-01-12 x 2026-04-17 ...
2026-03-23 17:49:41,550  INFO        [AMZN] Saved  40 rows -> AMZN/phase3/AMZN_2026-01-12_2026-04-17.csv
2026-03-23 17:49:41,551  INFO        [AMZN] Fetching 2026-01-12 x 2026-07-17 ...
2026-03-23 17:49:42,891  INFO        [AMZN] Saved  40 rows -> AMZN/phase3/AMZN_2026-01-12_2026-07-17.csv
2026-03-23 17:49:44,487  INFO        [PG] Fetching 2026-01-12 x 2026-01-16 ...
2026-03-23 17:49:45,741  INFO        [PG] Saved  40 rows -> PG/phase3/PG_2026-01-12_2026-01-16.csv
2026-03-23 17:49:45,742  INFO        [PG] Fetching 2026-01-12 x 2026-02-13 ...
2026-03-23 17:49:47,015  INFO        [PG] Saved  40 rows -> PG/phase3/PG_2026-01-12_2026-02-13.csv
2026-03-23 17:49:47,016  INFO        [PG] Fetching 2026-01-12 x 2026-04-17 ...
2026-03-23 17:49:48,301  INFO        [PG] Saved  40 rows -> PG/phase3/PG_2026-01-12_2026-04-17.csv
2026-03-23 17:49:48,302  INFO        [PG] Fetching 2026-01-12 x 2026-07-17 ...
2026-03-23 17:49:49,644  INFO        [PG] Saved  40 rows -> PG/phase3/PG_2026-01-12_2026-07-17.csv
2026-03-23 17:49:51,542  INFO        [CAT] Fetching 2026-01-12 x 2026-01-16 ...
2026-03-23 17:49:52,848  INFO        [CAT] Saved  40 rows -> CAT/phase3/CAT_2026-01-12_2026-01-16.csv
2026-03-23 17:49:52,849  INFO        [CAT] Fetching 2026-01-12 x 2026-02-13 ...
2026-03-23 17:49:54,193  INFO        [CAT] Saved  40 rows -> CAT/phase3/CAT_2026-01-12_2026-02-13.csv
2026-03-23 17:49:54,194  INFO        [CAT] Fetching 2026-01-12 x 2026-03-20 ...
2026-03-23 17:49:56,004  INFO        [CAT] Saved  40 rows -> CAT/phase3/CAT_2026-01-12_2026-03-20.csv
2026-03-23 17:49:56,005  INFO        [CAT] Fetching 2026-01-12 x 2026-06-18 ...
2026-03-23 17:49:57,261  INFO        [CAT] Saved  40 rows -> CAT/phase3/CAT_2026-01-12_2026-06-18.csv
2026-03-23 17:49:57,262  INFO      
Phase 3 complete. 718 files saved.
2026-03-23 20:00:26,355  INFO      Single date: 2025-09-15  strikeLimit=20
2026-03-23 20:00:28,833  INFO        [AAPL] Fetching 2025-09-15 x 2025-09-19 ...
2026-03-23 20:00:30,260  INFO        [AAPL] Saved  40 rows -> AAPL/phase3/AAPL_2025-09-15_2025-09-19.csv
2026-03-23 20:00:30,261  INFO        [AAPL] Fetching 2025-09-15 x 2025-10-17 ...
2026-03-23 20:00:31,955  INFO        [AAPL] Saved  40 rows -> AAPL/phase3/AAPL_2025-09-15_2025-10-17.csv
2026-03-23 20:00:31,955  INFO        [AAPL] Fetching 2025-09-15 x 2025-12-19 ...
2026-03-23 20:00:33,328  INFO        [AAPL] Saved  40 rows -> AAPL/phase3/AAPL_2025-09-15_2025-12-19.csv
2026-03-23 20:00:33,329  INFO        [AAPL] Fetching 2025-09-15 x 2026-03-20 ...
2026-03-23 20:00:34,671  INFO        [AAPL] Saved  40 rows -> AAPL/phase3/AAPL_2025-09-15_2026-03-20.csv
2026-03-23 20:00:37,109  INFO        [NVDA] Fetching 2025-09-15 x 2025-09-19 ...
2026-03-23 20:00:38,959  INFO        [NVDA] Saved  40 rows -> NVDA/phase3/NVDA_2025-09-15_2025-09-19.csv
2026-03-23 20:00:38,960  INFO        [NVDA] Fetching 2025-09-15 x 2025-10-17 ...
2026-03-23 20:00:40,900  INFO        [NVDA] Saved  40 rows -> NVDA/phase3/NVDA_2025-09-15_2025-10-17.csv
2026-03-23 20:00:40,901  INFO        [NVDA] Fetching 2025-09-15 x 2025-12-19 ...
2026-03-23 20:00:42,391  INFO        [NVDA] Saved  40 rows -> NVDA/phase3/NVDA_2025-09-15_2025-12-19.csv
2026-03-23 20:00:42,391  INFO        [NVDA] Fetching 2025-09-15 x 2026-03-20 ...
2026-03-23 20:00:43,651  INFO        [NVDA] Saved  40 rows -> NVDA/phase3/NVDA_2025-09-15_2026-03-20.csv
2026-03-23 20:00:46,037  INFO        [AMZN] Fetching 2025-09-15 x 2025-09-19 ...
2026-03-23 20:00:47,455  INFO        [AMZN] Saved  40 rows -> AMZN/phase3/AMZN_2025-09-15_2025-09-19.csv
2026-03-23 20:00:47,455  INFO        [AMZN] Fetching 2025-09-15 x 2025-10-17 ...
2026-03-23 20:00:48,991  INFO        [AMZN] Saved  40 rows -> AMZN/phase3/AMZN_2025-09-15_2025-10-17.csv
2026-03-23 20:00:48,991  INFO        [AMZN] Fetching 2025-09-15 x 2025-12-19 ...
2026-03-23 20:00:50,220  INFO        [AMZN] Saved  40 rows -> AMZN/phase3/AMZN_2025-09-15_2025-12-19.csv
2026-03-23 20:00:50,220  INFO        [AMZN] Fetching 2025-09-15 x 2026-03-20 ...
2026-03-23 20:00:52,064  INFO        [AMZN] Saved  40 rows -> AMZN/phase3/AMZN_2025-09-15_2026-03-20.csv
2026-03-23 20:00:53,800  INFO        [PG] Fetching 2025-09-15 x 2025-09-19 ...
2026-03-23 20:00:55,139  INFO        [PG] Saved  40 rows -> PG/phase3/PG_2025-09-15_2025-09-19.csv
2026-03-23 20:00:55,139  INFO        [PG] Fetching 2025-09-15 x 2025-10-17 ...
2026-03-23 20:00:57,081  INFO        [PG] Saved  40 rows -> PG/phase3/PG_2025-09-15_2025-10-17.csv
2026-03-23 20:00:57,082  INFO        [PG] Fetching 2025-09-15 x 2025-12-19 ...
2026-03-23 20:00:58,465  ERROR     HTTP 404: https://api.marketdata.app/v1/options/chain/PG/ — {"s":"no_data","nextTime":null,"prevTime":null}
2026-03-23 20:00:58,818  WARNING     [PG] Empty chain: 2025-09-15 x 2025-12-19
2026-03-23 20:00:58,818  INFO        [PG] Fetching 2025-09-15 x 2026-03-20 ...
2026-03-23 20:01:00,770  INFO        [PG] Saved  40 rows -> PG/phase3/PG_2025-09-15_2026-03-20.csv
2026-03-23 20:01:03,016  INFO        [CAT] Fetching 2025-09-15 x 2025-09-19 ...
2026-03-23 20:01:05,278  INFO        [CAT] Saved  40 rows -> CAT/phase3/CAT_2025-09-15_2025-09-19.csv
2026-03-23 20:01:05,279  INFO        [CAT] Fetching 2025-09-15 x 2025-10-17 ...
2026-03-23 20:01:07,738  INFO        [CAT] Saved  40 rows -> CAT/phase3/CAT_2025-09-15_2025-10-17.csv
2026-03-23 20:01:07,739  INFO        [CAT] Fetching 2025-09-15 x 2025-12-19 ...
2026-03-23 20:01:09,640  ERROR     HTTP 404: https://api.marketdata.app/v1/options/chain/CAT/ — {"s":"no_data","nextTime":null,"prevTime":null}
2026-03-23 20:01:09,994  WARNING     [CAT] Empty chain: 2025-09-15 x 2025-12-19
2026-03-23 20:01:09,995  INFO        [CAT] Fetching 2025-09-15 x 2026-03-20 ...
2026-03-23 20:01:11,892  INFO        [CAT] Saved  40 rows -> CAT/phase3/CAT_2025-09-15_2026-03-20.csv
